glac,month,prev_mean_area_m2,onset_mean_area_m2
5500,5,136842.1052631579,89000.0
5509,5,341578.94736842107,220666.66666666666
5514,5,366315.7894736842,242333.33333333334
5525,5,1097894.7368421052,717666.6666666666
5529,5,213684.2105263158,145333.33333333334
5533,5,298421.05263157893,198666.66666666666
5535,5,459473.6842105263,307333.3333333333
5536,5,1137894.7368421052,757000.0
5550,5,407894.7368421053,290333.3333333333
5557,5,644736.8421052631,412333.3333333333
5558,5,780526.3157894737,2182000.0
5559,5,5012631.578947368,3275666.6666666665
5565,5,275263.15789473685,175666.66666666666
5572,5,434210.5263157895,283666.6666666667
5573,5,111578.94736842105,72000.0
5574,5,598947.3684210526,399666.6666666667
5581,5,141052.63157894736,92000.0
5582,5,247894.73684210525,157000.0
5583,5,289473.6842105263,183666.66666666666
5584,5,1240000.0,799333.3333333334
5589,5,53352631.578947365,39404666.666666664
5594,5,321052.63157894736,204333.33333333334
5632,5,217368.42105263157,151333.33333333334
5663,5,1233157.894736842,806000.0
5675,5,787894.7368421053,517333.3333333333
5685,5,1494210.5263157894,1001666.6666666666
5696,5,1922631.5789473683,1363666.6666666667
5743,5,1000526.3157894737,735000.0
5763,5,923157.8947368421,640666.6666666666
5777,5,188421.05263157896,119666.66666666667
5780,5,9047368.421052631,5875333.333333333
5785,5,600526.3157894737,381000.0
5793,5,334210.5263157895,221333.33333333334
5804,5,906842.1052631579,589000.0
5807,5,1397368.4210526317,901000.0
5813,5,4366315.7894736845,2820333.3333333335
5823,5,1227368.4210526317,834666.6666666666
5833,5,176315.7894736842,115000.0
5836,5,127368.42105263157,84666.66666666667
5845,5,180000.0,119000.0
5847,5,249473.68421052632,161000.0
5848,5,283684.2105263158,187333.33333333334
5849,5,107894.73684210527,71000.0
5850,5,262105.26315789475,182333.33333333334
5851,5,224736.84210526315,163666.66666666666
5862,5,422105.2631578947,271000.0
5874,5,293157.8947368421,185666.66666666666
5875,5,3225263.1578947366,2150000.0
5878,5,9249473.684210526,6109000.0
5880,5,1593157.894736842,1038333.3333333334
5904,5,426315.7894736842,313666.6666666667
5944,5,362105.2631578947,468666.6666666667
5950,5,1328421.0526315789,855666.6666666666
5955,5,353157.8947368421,234666.66666666666
5962,5,585789.4736842106,387666.6666666667
5964,5,521052.63157894736,330666.6666666667
5965,5,1047894.7368421053,682000.0
5970,5,997894.7368421053,642666.6666666666
5972,5,6827894.736842105,4291333.333333333
5974,5,1102105.2631578948,700333.3333333334
5979,5,1025263.1578947369,651000.0
5981,5,7791052.631578947,5171333.333333333
5986,5,1813684.2105263157,1684333.3333333333
5999,5,9291052.631578946,9324333.333333334
6001,5,28421.052631578947,40333.333333333336
6009,5,2618421.052631579,1690333.3333333333
6016,5,1286315.7894736843,928000.0
6023,5,908947.3684210526,599333.3333333334
6025,5,538421.052631579,345666.6666666667
6026,5,431578.94736842107,276666.6666666667
6029,5,308421.05263157893,196666.66666666666
6031,5,6707368.421052632,4762666.666666667
6043,5,2688947.3684210526,1877666.6666666667
6047,5,8053157.894736842,5716666.666666667
6052,5,9449473.684210526,6986666.666666667
6053,5,2531578.947368421,1796333.3333333333
6058,5,29090526.315789472,21948666.666666668
6063,5,3288421.052631579,2496666.6666666665
6064,5,5152631.578947368,3552666.6666666665
6069,5,708947.3684210526,489000.0
6114,5,3815263.1578947366,3012333.3333333335
6117,5,743157.8947368421,530666.6666666666
6120,5,283157.8947368421,182333.33333333334
6121,5,1312631.5789473683,834000.0
6126,5,195263.15789473685,135666.66666666666
6128,5,262631.5789473684,178000.0
6135,5,340000.0,219333.33333333334
6137,5,574210.5263157894,380333.3333333333
6148,5,220526.31578947368,142333.33333333334
6218,5,517894.7368421053,345000.0
6246,5,4597894.736842105,3679333.3333333335
6255,5,12512631.578947369,9379333.333333334
6257,5,1535789.4736842106,1110333.3333333333
6259,5,2246315.789473684,1638000.0
6302,5,1955263.1578947369,1636333.3333333333
6352,5,3120000.0,2838000.0
6353,5,2194210.5263157897,1583666.6666666667
6360,5,1120000.0,774666.6666666666
6369,5,14309473.684210526,11272666.666666666
9741,5,1565263.1578947369,1139333.3333333333
11734,5,1896842.105263158,1493666.6666666667
11755,5,4023157.8947368423,3105666.6666666665
11761,5,1870526.3157894737,1355000.0
11766,5,9148947.368421054,6926666.666666667
11767,5,1086842.105263158,792333.3333333334
11796,5,3516842.1052631577,2618000.0
11800,5,2268947.3684210526,1787333.3333333333
11812,5,1954736.8421052631,1497333.3333333333
11822,5,17154210.52631579,13403666.666666666
11926,5,1766842.105263158,1305000.0
11927,5,1301052.6315789474,949000.0
11937,5,1547894.7368421052,1202666.6666666667
11940,5,1158421.0526315789,901333.3333333334
11946,5,3335789.4736842103,2671000.0
11947,5,20818421.05263158,16525000.0
11952,5,4815789.47368421,3621333.3333333335
11955,5,2315789.4736842103,1825333.3333333333
11968,5,1487368.4210526317,1066000.0
11977,5,1555263.1578947369,1121333.3333333333
11989,5,2591052.6315789474,1865666.6666666667
12002,5,1536315.7894736843,1096000.0
12010,5,1295263.1578947369,929333.3333333334
12027,5,1534736.8421052631,1092000.0
12030,5,1215263.1578947369,844000.0
12036,5,1075789.4736842106,739000.0
12074,5,983684.2105263158,692666.6666666666
12078,5,1306842.105263158,901000.0
12086,5,2069473.6842105263,1556666.6666666667
12092,5,1251578.9473684211,909666.6666666666
12114,5,1296842.105263158,921333.3333333334
12121,5,2322631.5789473685,1664666.6666666667
12125,5,907368.4210526316,629666.6666666666
12145,5,1401052.6315789474,1005333.3333333334
12178,5,733157.8947368421,518000.0
12200,5,798947.3684210526,609333.3333333334
12209,5,1387368.4210526317,964666.6666666666
12291,5,804736.8421052631,550333.3333333334
12307,5,2332105.263157895,1741000.0
12311,5,1375263.1578947369,1011333.3333333334
12610,5,20085789.47368421,15432333.333333334
12614,5,2927894.736842105,2232333.3333333335
12615,5,2163157.8947368423,1612666.6666666667
12617,5,1887368.4210526317,1458666.6666666667
12626,5,5248947.368421053,3826666.6666666665
12800,5,896315.7894736842,678666.6666666666
12807,5,717368.4210526316,675000.0
12842,5,917368.4210526316,634000.0
12849,5,1615789.4736842106,1153666.6666666667
12885,5,1405263.1578947369,940666.6666666666
12905,5,3972631.5789473685,2880666.6666666665
12957,5,2123157.8947368423,1588666.6666666667
12963,5,2644736.8421052634,1843666.6666666667
12968,5,2208421.052631579,1449333.3333333333
12975,5,650000.0,430333.3333333333
12980,5,1328421.0526315789,859666.6666666666
12984,5,2377894.736842105,1555000.0
12985,5,747894.7368421053,485666.6666666667
12987,5,662105.2631578947,434666.6666666667
13006,5,987894.7368421053,654666.6666666666
13054,5,2176842.1052631577,1407000.0
13058,5,1157894.7368421052,783000.0
13060,5,880526.3157894737,564000.0
13067,5,412105.2631578947,263000.0
13075,5,826315.7894736842,543666.6666666666
13080,5,1454736.8421052631,944666.6666666666
13089,5,7416842.105263158,5007000.0
13124,5,1361578.9473684211,990000.0
13646,5,1193684.2105263157,885000.0
13651,5,4804210.52631579,3501000.0
13652,5,1995789.4736842106,1501000.0
13661,5,5734210.52631579,3792000.0
13665,5,405789.4736842105,263333.3333333333
13695,5,761578.947368421,507333.3333333333
13869,5,1647894.7368421052,1072000.0
13885,5,631052.6315789474,423333.3333333333
13891,5,912105.2631578947,584666.6666666666
13897,5,1550000.0,1028333.3333333334
13959,5,1044210.5263157894,816333.3333333334
13983,5,1322631.5789473683,1067000.0
14024,5,535263.1578947369,356000.0
14060,5,1111052.6315789474,725666.6666666666
14076,5,942631.5789473684,659000.0
14080,5,2867368.4210526315,1940666.6666666667
14101,5,651578.947368421,420333.3333333333
14105,5,407894.7368421053,390666.6666666667
14117,5,515789.4736842105,335000.0
14119,5,804736.8421052631,528000.0
14126,5,393157.8947368421,263666.6666666667
14137,5,450526.3157894737,315000.0
14180,5,7310526.315789473,4861000.0
14183,5,1431578.9473684211,917000.0
14203,5,3177368.4210526315,2053333.3333333333
14218,5,2610000.0,1765000.0
14219,5,662631.5789473684,430000.0
16312,5,287368.4210526316,184333.33333333334
16314,5,81578.94736842105,52666.666666666664
16327,5,2261052.6315789474,1496666.6666666667
16332,5,652631.5789473684,500666.6666666667
16341,5,603684.2105263158,418333.3333333333
16346,5,1950000.0,1364333.3333333333
16351,5,14057368.421052631,9985333.333333334
16372,5,965789.4736842106,647000.0
16379,5,564210.5263157894,367333.3333333333
16406,5,55263.15789473684,65000.0
16437,5,34049473.684210524,23399000.0
16444,5,1067894.7368421052,718000.0
16457,5,4142631.5789473685,2756333.3333333335
16463,5,888947.3684210526,599333.3333333334
16485,5,265789.4736842105,180333.33333333334
16486,5,274210.5263157895,212333.33333333334
16515,5,431052.63157894736,552272.7272727273
16532,5,644210.5263157894,388000.0
16534,5,806315.7894736842,526000.0
16535,5,555263.1578947369,368333.3333333333
16536,5,516315.7894736842,332333.3333333333
16537,5,1057894.7368421052,703333.3333333334
16540,5,619473.6842105263,412333.3333333333
16545,5,1011052.6315789474,670000.0
16554,5,440000.0,282333.3333333333
16556,5,892105.2631578947,588666.6666666666
16569,5,556842.1052631579,356666.6666666667
16618,5,1638421.0526315789,1400666.6666666667
16657,5,1388947.3684210526,1080666.6666666667
5500,6,1902500.0,1887916.6666666667
5509,6,2278500.0,2373333.3333333335
5514,6,3013500.0,3050416.6666666665
5525,6,13006500.0,12917083.333333334
5529,6,1820000.0,1815000.0
5533,6,2557500.0,2589583.3333333335
5535,6,3143000.0,3202916.6666666665
5536,6,13134500.0,13156250.0
5550,6,4134500.0,4180000.0
5557,6,6590000.0,6551250.0
5558,6,5326000.0,5299166.666666667
5559,6,31465500.0,31436666.666666668
5565,6,2994500.0,2980000.0
5572,6,3904500.0,3968333.3333333335
5573,6,1566000.0,1537500.0
5574,6,5357000.0,5457500.0
5581,6,2082000.0,2098750.0
5582,6,2489000.0,2535416.6666666665
5583,6,2816500.0,2806250.0
5584,6,11019000.0,11095000.0
5589,6,239671500.0,238701666.66666666
5594,6,2447000.0,2488333.3333333335
5632,6,1602000.0,1605416.6666666667
5663,6,6389500.0,6430833.333333333
5675,6,2022000.0,2057500.0
5685,6,3831000.0,3858333.3333333335
5696,6,4468500.0,4576666.666666667
5743,6,1973000.0,1997500.0
5763,6,2301000.0,2319166.6666666665
5777,6,1791000.0,1872916.6666666667
5780,6,69162000.0,69460416.66666667
5785,6,5914000.0,5962083.333333333
5793,6,3217500.0,3295416.6666666665
5804,6,8838500.0,8985000.0
5807,6,10862500.0,10985833.333333334
5813,6,34164000.0,34470833.333333336
5823,6,10529000.0,10600000.0
5833,6,2571000.0,2567916.6666666665
5836,6,2531500.0,2645416.6666666665
5845,6,2113500.0,2183333.3333333335
5847,6,2133000.0,2150000.0
5848,6,2691500.0,3013750.0
5849,6,1379000.0,1455000.0
5850,6,2670500.0,2948333.3333333335
5851,6,2779000.0,2951250.0
5862,6,2383500.0,2395000.0
5874,6,2097500.0,2159166.6666666665
5875,6,21633500.0,21567916.666666668
5878,6,39451000.0,39511666.666666664
5880,6,7085500.0,7114583.333333333
5904,6,1492000.0,1510000.0
5944,6,1971000.0,2053750.0
5950,6,7821500.0,7918750.0
5955,6,2062500.0,2082500.0
5962,6,2094000.0,2106250.0
5964,6,2615000.0,2656666.6666666665
5965,6,4777500.0,4893750.0
5970,6,3419000.0,3437083.3333333335
5972,6,14758000.0,14720833.333333334
5974,6,5755000.0,5729166.666666667
5979,6,6300500.0,6300416.666666667
5981,6,28323500.0,28370833.333333332
5986,6,5701000.0,5585833.333333333
5999,6,13035500.0,12776250.0
6001,6,593000.0,587083.3333333334
6009,6,23065500.0,23208333.333333332
6016,6,3658500.0,3664583.3333333335
6023,6,3452500.0,3489166.6666666665
6025,6,2996000.0,3088333.3333333335
6026,6,2930500.0,3037500.0
6029,6,1900000.0,1938333.3333333333
6031,6,22601500.0,22986666.666666668
6043,6,8513000.0,8640833.333333334
6047,6,24904500.0,25067916.666666668
6052,6,24213500.0,24292083.333333332
6053,6,6343000.0,6391666.666666667
6058,6,55204500.0,55264583.333333336
6063,6,6176500.0,6142083.333333333
6064,6,18919500.0,19036250.0
6069,6,1986500.0,2054166.6666666667
6114,6,7799500.0,7957916.666666667
6117,6,2204000.0,2216666.6666666665
6120,6,3873500.0,3900416.6666666665
6121,6,11824000.0,12010416.666666666
6126,6,1555000.0,1591250.0
6128,6,2067000.0,2061666.6666666667
6135,6,2928000.0,2922500.0
6137,6,3951500.0,3849583.3333333335
6148,6,1976000.0,2017500.0
6218,6,4593500.0,4650833.333333333
6246,6,5765000.0,5800416.666666667
6255,6,20683500.0,20672083.333333332
6257,6,2699000.0,2700000.0
6259,6,3898500.0,3904166.6666666665
6302,6,3214500.0,3252083.3333333335
6352,6,8074500.0,8160000.0
6353,6,5007500.0,4994166.666666667
6360,6,2789000.0,2774583.3333333335
6369,6,20890000.0,20982083.333333332
9741,6,3041500.0,3099166.6666666665
11734,6,2972000.0,2981666.6666666665
11755,6,6324500.0,6345416.666666667
11761,6,5196000.0,5236666.666666667
11766,6,18626000.0,18729166.666666668
11767,6,2250500.0,2290000.0
11796,6,6648000.0,6651250.0
11800,6,4229500.0,4244166.666666667
11812,6,3227500.0,3245833.3333333335
11822,6,26343000.0,26383333.333333332
11926,6,4352000.0,4430416.666666667
11927,6,3228500.0,3346666.6666666665
11937,6,2982500.0,2987083.3333333335
11940,6,2047000.0,2055000.0
11946,6,4412500.0,4440000.0
11947,6,27956000.0,28012916.666666668
11952,6,8245000.0,8250416.666666667
11955,6,3217500.0,3229583.3333333335
11968,6,3184000.0,3187916.6666666665
11977,6,3242500.0,3328750.0
11989,6,4574000.0,4734583.333333333
12002,6,3125000.0,3154583.3333333335
12010,6,3082000.0,3166250.0
12027,6,3995000.0,4037916.6666666665
12030,6,3540000.0,3620416.6666666665
12036,6,3540500.0,3559583.3333333335
12074,6,2464000.0,2537083.3333333335
12078,6,3876500.0,3949166.6666666665
12086,6,3156500.0,3202083.3333333335
12092,6,2058000.0,2143750.0
12114,6,2436500.0,2455833.3333333335
12121,6,4743500.0,4916666.666666667
12125,6,2128000.0,2242916.6666666665
12145,6,2431500.0,2442500.0
12178,6,2229000.0,2307083.3333333335
12200,6,2186500.0,2248750.0
12209,6,4516000.0,4565833.333333333
12291,6,1999500.0,2027916.6666666667
12307,6,5547500.0,5581250.0
12311,6,2229500.0,2294583.3333333335
12610,6,33642500.0,33756666.666666664
12614,6,5491500.0,5500416.666666667
12615,6,4812500.0,4897500.0
12617,6,3168500.0,3176666.6666666665
12626,6,10868500.0,10941250.0
12800,6,1903500.0,1941250.0
12807,6,1974000.0,2031666.6666666667
12842,6,2280500.0,2296250.0
12849,6,3495500.0,3498333.3333333335
12885,6,3747000.0,3848750.0
12905,6,8731500.0,8782500.0
12957,6,4136500.0,4157083.3333333335
12963,6,7558500.0,7612083.333333333
12968,6,7337000.0,7397500.0
12975,6,2228500.0,2254166.6666666665
12980,6,5165500.0,5217500.0
12984,6,8485000.0,8574583.333333334
12985,6,2797000.0,2839166.6666666665
12987,6,2560000.0,2585000.0
13006,6,3568000.0,3600000.0
13054,6,8356500.0,8472916.666666666
13058,6,4949500.0,5047500.0
13060,6,4043000.0,4119583.3333333335
13067,6,1783000.0,1851250.0
13075,6,3590000.0,3672916.6666666665
13080,6,5633500.0,5759166.666666667
13089,6,25364500.0,25636666.666666668
13124,6,3218500.0,3267083.3333333335
13646,6,2332500.0,2339166.6666666665
13651,6,9736000.0,9822500.0
13652,6,2835000.0,2838333.3333333335
13661,6,23420000.0,23701666.666666668
13665,6,2044500.0,2097500.0
13695,6,3663500.0,3666250.0
13869,6,5004500.0,5042500.0
13885,6,2018000.0,2059583.3333333333
13891,6,2846500.0,2877500.0
13897,6,4189500.0,4243333.333333333
13959,6,1989000.0,2054166.6666666667
13983,6,2858000.0,2858333.3333333335
14024,6,2229500.0,2295000.0
14060,6,3230000.0,3326250.0
14076,6,2404500.0,2428333.3333333335
14080,6,14526000.0,14852083.333333334
14101,6,3837500.0,3841250.0
14105,6,1652000.0,1737083.3333333333
14117,6,3353500.0,3434583.3333333335
14119,6,4027000.0,4097500.0
14126,6,1954500.0,1966250.0
14137,6,3339500.0,3355416.6666666665
14180,6,58619000.0,58931666.666666664
14183,6,7496500.0,7528750.0
14203,6,14552000.0,14541666.666666666
14218,6,10932500.0,11042083.333333334
14219,6,4912500.0,4894166.666666667
16312,6,3086000.0,3029583.3333333335
16314,6,1706500.0,1678333.3333333333
16327,6,7782000.0,7943750.0
16332,6,1850000.0,1928333.3333333333
16341,6,1862000.0,1880416.6666666667
16346,6,5112500.0,5167500.0
16351,6,30574500.0,30629166.666666668
16372,6,3279500.0,3351666.6666666665
16379,6,2270000.0,2305000.0
16406,6,1385500.0,1080833.3333333333
16437,6,238378000.0,240253750.0
16444,6,5769000.0,5720416.666666667
16457,6,18303000.0,18388333.333333332
16463,6,4166500.0,4210000.0
16485,6,2043500.0,2041250.0
16486,6,4590500.0,4522500.0
16515,6,400000.0,2026666.6666666667
16532,6,4210000.0,4096250.0
16534,6,3475000.0,3545416.6666666665
16535,6,2676500.0,2725000.0
16536,6,2641500.0,2672916.6666666665
16537,6,5359000.0,5432083.333333333
16540,6,2953500.0,2962083.3333333335
16545,6,4851000.0,4942083.333333333
16554,6,2504000.0,2541666.6666666665
16556,6,4827500.0,4812083.333333333
16569,6,2088000.0,2112916.6666666665
16618,6,3086000.0,3099583.3333333335
16657,6,2596000.0,2615000.0
5500,7,2434000.0,2541250.0
5509,7,2035000.0,2634583.3333333335
5514,7,3840000.0,3892083.3333333335
5525,7,15605500.0,15607500.0
5529,7,2070000.0,2130000.0
5533,7,3059000.0,3205000.0
5535,7,3584000.0,3603750.0
5536,7,15380000.0,15529166.666666666
5550,7,5372500.0,5441666.666666667
5557,7,7912500.0,7823333.333333333
5558,7,6251500.0,6217916.666666667
5559,7,35474000.0,35538333.333333336
5565,7,4240000.0,4306666.666666667
5572,7,4996000.0,5127083.333333333
5573,7,2047000.0,2186250.0
5574,7,6522000.0,6706250.0
5581,7,2916500.0,3012500.0
5582,7,3508500.0,3610000.0
5583,7,3896000.0,3913333.3333333335
5584,7,12938000.0,13101666.666666666
5589,7,281504000.0,282264166.6666667
5594,7,2764000.0,2855833.3333333335
5632,7,1922000.0,1968333.3333333333
5663,7,6930000.0,6932916.666666667
5675,7,1909000.0,2057500.0
5685,7,3820000.0,3867500.0
5696,7,4551500.0,4900000.0
5743,7,1957000.0,2000000.0
5763,7,2297000.0,2330000.0
5777,7,2131500.0,2365000.0
5780,7,82940000.0,83095000.0
5785,7,7071000.0,7073750.0
5793,7,3883000.0,3995000.0
5804,7,10290500.0,10346666.666666666
5807,7,11762000.0,11798750.0
5813,7,37197500.0,37202083.333333336
5823,7,11088500.0,11097916.666666666
5833,7,3853500.0,3576250.0
5836,7,3482000.0,3577916.6666666665
5845,7,2416500.0,2510833.3333333335
5847,7,2190500.0,2248750.0
5848,7,1992500.0,3452500.0
5849,7,1884500.0,1975833.3333333333
5850,7,2596000.0,3437500.0
5851,7,3482000.0,3515000.0
5862,7,2829000.0,2822500.0
5874,7,2166000.0,2382083.3333333335
5875,7,24929500.0,25080000.0
5878,7,44489500.0,45677500.0
5880,7,7803000.0,7840833.333333333
5904,7,2059000.0,2155416.6666666665
5944,7,1962000.0,2196666.6666666665
5950,7,8487000.0,8616250.0
5955,7,2135000.0,2200416.6666666665
5962,7,2081500.0,2120000.0
5964,7,2680500.0,2700000.0
5965,7,5063000.0,5117083.333333333
5970,7,3492500.0,3506250.0
5972,7,17358000.0,17683333.333333332
5974,7,6300000.0,6306250.0
5979,7,7050000.0,7054166.666666667
5981,7,31530000.0,32109166.666666668
5986,7,6666000.0,6732916.666666667
5999,7,13245000.0,13100000.0
6001,7,1286000.0,1552500.0
6009,7,28288000.0,28256250.0
6016,7,3970000.0,4034583.3333333335
6023,7,3543500.0,3566666.6666666665
6025,7,3211000.0,3269583.3333333335
6026,7,3216500.0,3280000.0
6029,7,2079000.0,2090000.0
6031,7,28303000.0,28800000.0
6043,7,8971000.0,9055000.0
6047,7,27391500.0,27500833.333333332
6052,7,28624000.0,29013333.333333332
6053,7,6406000.0,6537916.666666667
6058,7,66121500.0,66847916.666666664
6063,7,6419000.0,6373750.0
6064,7,19593500.0,19867500.0
6069,7,1840500.0,2062500.0
6114,7,7614000.0,8127500.0
6117,7,2411000.0,2442083.3333333335
6120,7,4354000.0,4390000.0
6121,7,13212000.0,13235000.0
6126,7,1834000.0,1973750.0
6128,7,2637000.0,2636250.0
6135,7,3740500.0,3714166.6666666665
6137,7,4701000.0,4630000.0
6148,7,2448000.0,2509166.6666666665
6218,7,5679500.0,5780000.0
6246,7,5906500.0,5875416.666666667
6255,7,20937000.0,20800416.666666668
6257,7,2662000.0,2700000.0
6259,7,3878000.0,3910000.0
6302,7,3174000.0,3257500.0
6352,7,8565500.0,8651666.666666666
6353,7,5118500.0,5102083.333333333
6360,7,2848000.0,2828333.3333333335
6369,7,21311000.0,21512916.666666668
9741,7,3047500.0,3113750.0
11734,7,2938500.0,2990000.0
11755,7,6223500.0,6348333.333333333
11761,7,5175000.0,5315833.333333333
11766,7,18578500.0,18842500.0
11767,7,2194000.0,2301250.0
11796,7,6370000.0,6660000.0
11800,7,4148000.0,4260000.0
11812,7,3202000.0,3260000.0
11822,7,26120000.0,26428750.0
11926,7,4102000.0,4475000.0
11927,7,2979000.0,3356250.0
11937,7,2979500.0,3000000.0
11940,7,2027000.0,2070000.0
11946,7,4284000.0,4440000.0
11947,7,27855000.0,28030000.0
11952,7,8214500.0,8260000.0
11955,7,3133000.0,3230000.0
11968,7,3061000.0,3190000.0
11977,7,3178500.0,3342500.0
11989,7,4678500.0,4750416.666666667
12002,7,3072000.0,3156250.0
12010,7,3037000.0,3176250.0
12027,7,3931000.0,4062500.0
12030,7,3451500.0,3660000.0
12036,7,3529500.0,3581250.0
12074,7,2396000.0,2556666.6666666665
12078,7,3837500.0,3987083.3333333335
12086,7,3143000.0,3203750.0
12092,7,2078000.0,2147500.0
12114,7,2447000.0,2463750.0
12121,7,4889000.0,4955000.0
12125,7,1915500.0,2246666.6666666665
12145,7,2442500.0,2447500.0
12178,7,2139500.0,2353750.0
12200,7,2259500.0,2330000.0
12209,7,4674000.0,4732083.333333333
12291,7,1998500.0,2035000.0
12307,7,5470000.0,5602500.0
12311,7,2199000.0,2296250.0
12610,7,33454500.0,33830000.0
12614,7,5473000.0,5510000.0
12615,7,4580500.0,4915833.333333333
12617,7,3150000.0,3180000.0
12626,7,10847000.0,10975000.0
12800,7,1828000.0,1966250.0
12807,7,1875000.0,2053750.0
12842,7,2116000.0,2300000.0
12849,7,3455500.0,3500000.0
12885,7,3786500.0,3945833.3333333335
12905,7,8753000.0,8818750.0
12957,7,4057000.0,4200000.0
12963,7,7789500.0,7848750.0
12968,7,7407000.0,7468333.333333333
12975,7,2238500.0,2320000.0
12980,7,4643000.0,5340000.0
12984,7,8772500.0,8825416.666666666
12985,7,2774000.0,2920416.6666666665
12987,7,2613000.0,2647500.0
13006,7,3649500.0,3665833.3333333335
13054,7,8705500.0,8760000.0
13058,7,5094500.0,5200000.0
13060,7,4310500.0,4362500.0
13067,7,1750500.0,1948750.0
13075,7,3770000.0,3878333.3333333335
13080,7,5921000.0,6037916.666666667
13089,7,28026500.0,28024583.333333332
13124,7,3395500.0,3540416.6666666665
13646,7,2308000.0,2340000.0
13651,7,9558500.0,9926250.0
13652,7,2812000.0,2838750.0
13661,7,25023000.0,25128750.0
13665,7,2125000.0,2230416.6666666665
13695,7,4134500.0,4242500.0
13869,7,5131000.0,5195000.0
13885,7,2070500.0,2176250.0
13891,7,2752500.0,2880000.0
13897,7,4187500.0,4246250.0
13959,7,2055500.0,2157083.3333333335
13983,7,2898000.0,2869583.3333333335
14024,7,2524000.0,2560000.0
14060,7,3220000.0,3338750.0
14076,7,2433000.0,2573750.0
14080,7,16476000.0,17375000.0
14101,7,4206000.0,4205833.333333333
14105,7,1968500.0,2003333.3333333333
14117,7,3700500.0,3852083.3333333335
14119,7,4254500.0,4468750.0
14126,7,2166500.0,2186250.0
14137,7,4397500.0,4496666.666666667
14180,7,76038000.0,76710833.33333333
14183,7,9532500.0,9632083.333333334
14203,7,18071000.0,18593750.0
14218,7,13995500.0,14266250.0
14219,7,6703000.0,6819583.333333333
16312,7,3726500.0,3870000.0
16314,7,2113000.0,2280000.0
16327,7,7939000.0,8240416.666666667
16332,7,1837000.0,2038750.0
16341,7,1879000.0,2005000.0
16346,7,5276000.0,5435000.0
16351,7,32229500.0,32595416.666666668
16372,7,3283000.0,3403750.0
16379,7,2332500.0,2407500.0
16406,7,1747000.0,1844166.6666666667
16437,7,303068500.0,307703750.0
16444,7,6225500.0,6176666.666666667
16457,7,23599000.0,23889583.333333332
16463,7,4795500.0,5084166.666666667
16485,7,2498500.0,2738750.0
16486,7,6010000.0,6151250.0
16515,7,0.0,2026666.6666666667
16532,7,4528500.0,4381250.0
16534,7,3220000.0,3696250.0
16535,7,2863500.0,2869583.3333333335
16536,7,2837500.0,2862500.0
16537,7,5812000.0,5850000.0
16540,7,3195500.0,3221250.0
16545,7,5232500.0,5291250.0
16554,7,2802000.0,2797916.6666666665
16556,7,5065500.0,5128750.0
16569,7,2105500.0,2166250.0
16618,7,3104500.0,3118750.0
16657,7,2506000.0,2636250.0
5500,8,2408000.0,2542083.3333333335
5509,8,1094000.0,2635833.3333333335
5514,8,3821000.0,3884166.6666666665
5525,8,15557500.0,15612083.333333334
5529,8,2048000.0,2130000.0
5533,8,3040500.0,3206250.0
5535,8,3596000.0,3605416.6666666665
5536,8,15570500.0,15583333.333333334
5550,8,5364000.0,5499583.333333333
5557,8,7864000.0,7834166.666666667
5558,8,6284000.0,6222083.333333333
5559,8,35556000.0,35582916.666666664
5565,8,4261500.0,4355000.0
5572,8,4791500.0,5133750.0
5573,8,2067000.0,2186250.0
5574,8,6448000.0,6708333.333333333
5581,8,2838500.0,3017083.3333333335
5582,8,3534000.0,3666250.0
5583,8,3882000.0,3939583.3333333335
5584,8,12995500.0,13258333.333333334
5589,8,281902000.0,282708750.0
5594,8,2735000.0,2857500.0
5632,8,1927500.0,1970416.6666666667
5663,8,6895000.0,6933750.0
5675,8,1656000.0,2057500.0
5685,8,3828000.0,3867500.0
5696,8,4322000.0,4900000.0
5743,8,1946500.0,2000416.6666666667
5763,8,2280500.0,2330000.0
5777,8,2048000.0,2366666.6666666665
5780,8,82833500.0,83511250.0
5785,8,7085000.0,7076250.0
5793,8,3890500.0,4012916.6666666665
5804,8,10063500.0,10349583.333333334
5807,8,11131000.0,11798750.0
5813,8,37148000.0,37208333.333333336
5823,8,10014500.0,11098750.0
5833,8,3157000.0,3582500.0
5836,8,2815000.0,3581250.0
5845,8,1948000.0,2511250.0
5847,8,1574500.0,2248750.0
5848,8,996500.0,3453750.0
5849,8,1649500.0,1978750.0
5850,8,2447000.0,3438333.3333333335
5851,8,3019500.0,3515000.0
5862,8,2787500.0,2825000.0
5874,8,1983000.0,2386250.0
5875,8,25063000.0,25421250.0
5878,8,43510000.0,46895416.666666664
5880,8,7699000.0,7892083.333333333
5904,8,2123000.0,2321250.0
5944,8,1948500.0,2201250.0
5950,8,8364000.0,8610000.0
5955,8,2157000.0,2204583.3333333335
5962,8,1923000.0,2120000.0
5964,8,2477500.0,2700000.0
5965,8,4966000.0,5120416.666666667
5970,8,3308500.0,3508750.0
5972,8,17921000.0,18647083.333333332
5974,8,6306500.0,6318333.333333333
5979,8,7022000.0,7074583.333333333
5981,8,31685500.0,33572916.666666664
5986,8,6639500.0,7154583.333333333
5999,8,13130500.0,13312083.333333334
6001,8,1102000.0,2015416.6666666667
6009,8,28239500.0,28262083.333333332
6016,8,4012000.0,4096666.6666666665
6023,8,3543000.0,3565833.3333333335
6025,8,3199000.0,3270000.0
6026,8,2939500.0,3280000.0
6029,8,2077000.0,2090000.0
6031,8,28578000.0,29922916.666666668
6043,8,8955000.0,9055000.0
6047,8,27555000.0,27719583.333333332
6052,8,28897500.0,29296666.666666668
6053,8,6430500.0,6539166.666666667
6058,8,66906500.0,67576250.0
6063,8,6425000.0,6374583.333333333
6064,8,19327000.0,19867500.0
6069,8,1736000.0,2062500.0
6114,8,6877000.0,8137083.333333333
6117,8,2403000.0,2453750.0
6120,8,4368000.0,4390000.0
6121,8,13206000.0,13235000.0
6126,8,1752000.0,1982916.6666666667
6128,8,2599500.0,2636250.0
6135,8,3686000.0,3719166.6666666665
6137,8,4697000.0,4640416.666666667
6148,8,2427000.0,2512916.6666666665
6218,8,5609500.0,5781666.666666667
6246,8,5909000.0,5882083.333333333
6255,8,20898500.0,20807083.333333332
6257,8,2610500.0,2700000.0
6259,8,3851000.0,3910000.0
6302,8,3196500.0,3257500.0
6352,8,8577000.0,8683750.0
6353,8,5094000.0,5102500.0
6360,8,2843000.0,2830000.0
6369,8,21257500.0,21596666.666666668
9741,8,3081000.0,3113750.0
11734,8,2923000.0,2990000.0
11755,8,5712500.0,6350000.0
11761,8,5044500.0,5316250.0
11766,8,18583500.0,18847916.666666668
11767,8,2141500.0,2302500.0
11796,8,5442000.0,6660000.0
11800,8,4130500.0,4260000.0
11812,8,3099500.0,3260000.0
11822,8,25267500.0,26428750.0
11926,8,3931500.0,4476250.0
11927,8,2113500.0,3357500.0
11937,8,2966000.0,3000000.0
11940,8,1946000.0,2070000.0
11946,8,3909000.0,4440000.0
11947,8,27792000.0,28030000.0
11952,8,7843500.0,8260000.0
11955,8,2901500.0,3230000.0
11968,8,2643000.0,3190000.0
11977,8,3351500.0,3342500.0
11989,8,4771000.0,4755833.333333333
12002,8,3051000.0,3156250.0
12010,8,2940000.0,3180000.0
12027,8,3863000.0,4063333.3333333335
12030,8,3291500.0,3660000.0
12036,8,3457500.0,3581250.0
12074,8,2416500.0,2559583.3333333335
12078,8,3805500.0,3987500.0
12086,8,3141500.0,3203750.0
12092,8,1999000.0,2147500.0
12114,8,2454000.0,2463750.0
12121,8,4920500.0,4955000.0
12125,8,1454000.0,2247500.0
12145,8,2447500.0,2447500.0
12178,8,1983000.0,2353750.0
12200,8,2241000.0,2330000.0
12209,8,4632000.0,4732500.0
12291,8,2012000.0,2037500.0
12307,8,5318500.0,5602500.0
12311,8,2262500.0,2296250.0
12610,8,33424000.0,33830000.0
12614,8,5271500.0,5510000.0
12615,8,4098500.0,4918750.0
12617,8,3109500.0,3180000.0
12626,8,10839500.0,10975000.0
12800,8,1754000.0,1970833.3333333333
12807,8,1925500.0,2055000.0
12842,8,2188000.0,2300000.0
12849,8,3368500.0,3500000.0
12885,8,3806500.0,3947500.0
12905,8,8617500.0,8818750.0
12957,8,3899500.0,4200000.0
12963,8,7807500.0,7849166.666666667
12968,8,7431500.0,7470000.0
12975,8,2180500.0,2320000.0
12980,8,4080500.0,5340000.0
12984,8,8793000.0,8831250.0
12985,8,2571500.0,2921250.0
12987,8,2611500.0,2647500.0
13006,8,3655500.0,3666250.0
13054,8,8720500.0,8760000.0
13058,8,5090500.0,5200000.0
13060,8,4324000.0,4362500.0
13067,8,1823500.0,1950000.0
13075,8,3762500.0,3881250.0
13080,8,5766000.0,6039166.666666667
13089,8,27915500.0,28046666.666666668
13124,8,3345500.0,3547500.0
13646,8,2190500.0,2340000.0
13651,8,8334000.0,9926250.0
13652,8,2809500.0,2838750.0
13661,8,24961500.0,25130000.0
13665,8,2077500.0,2235000.0
13695,8,4096000.0,4248333.333333333
13869,8,5123000.0,5195000.0
13885,8,2009000.0,2176250.0
13891,8,2424500.0,2880000.0
13897,8,3665500.0,4246250.0
13959,8,2001000.0,2158750.0
13983,8,2898000.0,2870000.0
14024,8,2516000.0,2561250.0
14060,8,3052500.0,3338750.0
14076,8,2339000.0,2573750.0
14080,8,16816500.0,17414583.333333332
14101,8,4232500.0,4207916.666666667
14105,8,1972000.0,2006250.0
14117,8,3671500.0,3855000.0
14119,8,4215000.0,4475000.0
14126,8,2147000.0,2187500.0
14137,8,4388000.0,4608750.0
14180,8,75618000.0,77474583.33333333
14183,8,9487000.0,9762500.0
14203,8,17578000.0,19293333.333333332
14218,8,13903000.0,14772083.333333334
14219,8,6780000.0,6905000.0
16312,8,3528000.0,3876250.0
16314,8,2009500.0,2296666.6666666665
16327,8,7994000.0,8248750.0
16332,8,1913000.0,2042083.3333333333
16341,8,1766000.0,2005000.0
16346,8,5234500.0,5440000.0
16351,8,32325000.0,32721666.666666668
16372,8,3041500.0,3403750.0
16379,8,2304000.0,2407500.0
16406,8,1759500.0,2492500.0
16437,8,305695500.0,317751666.6666667
16444,8,6226500.0,6192083.333333333
16457,8,23782500.0,24343333.333333332
16463,8,4622000.0,5117083.333333333
16485,8,2341500.0,2770416.6666666665
16486,8,6015500.0,6215416.666666667
16515,8,1000.0,2028333.3333333333
16532,8,3893000.0,4375833.333333333
16534,8,1937000.0,3709583.3333333335
16535,8,2591000.0,2873750.0
16536,8,2589000.0,2874166.6666666665
16537,8,5298000.0,5877916.666666667
16540,8,3180000.0,3223750.0
16545,8,4970500.0,5293750.0
16554,8,2566000.0,2799166.6666666665
16556,8,4459500.0,5128750.0
16569,8,2019000.0,2166250.0
16618,8,3097000.0,3121250.0
16657,8,2300000.0,2636250.0
5500,9,2400000.0,2542500.0
5509,9,190000.0,2636250.0
5514,9,3100500.0,3880000.0
5525,9,9080000.0,15613750.0
5529,9,1931000.0,2130000.0
5533,9,2061500.0,3206250.0
5535,9,3167500.0,3606250.0
5536,9,9429000.0,15586250.0
5550,9,3824000.0,5502500.0
5557,9,6551000.0,7836666.666666667
5558,9,5816500.0,6229583.333333333
5559,9,29591500.0,35588333.333333336
5565,9,3334500.0,4357500.0
5572,9,2433000.0,5137500.0
5573,9,1982500.0,2186250.0
5574,9,4799500.0,6710000.0
5581,9,1643000.0,3017500.0
5582,9,2763500.0,3666250.0
5583,9,3200500.0,3942083.3333333335
5584,9,8541000.0,13265416.666666666
5589,9,277253000.0,282719583.3333333
5594,9,2560500.0,2865000.0
5632,9,1409000.0,1971250.0
5663,9,6499500.0,6934166.666666667
5675,9,1568000.0,2057500.0
5685,9,3818500.0,3867500.0
5696,9,4179500.0,4900000.0
5743,9,1946500.0,2003750.0
5763,9,2246500.0,2330000.0
5777,9,1768000.0,2367500.0
5780,9,63662000.0,83526250.0
5785,9,6469500.0,7081250.0
5793,9,3122000.0,4015833.3333333335
5804,9,8030500.0,10351666.666666666
5807,9,5907000.0,11798750.0
5813,9,35759500.0,37204166.666666664
5823,9,1524500.0,11099583.333333334
5833,9,659000.0,3588750.0
5836,9,374500.0,3581250.0
5845,9,434000.0,2511250.0
5847,9,327500.0,2248750.0
5848,9,200000.0,3455000.0
5849,9,264500.0,1978750.0
5850,9,1336000.0,3438750.0
5851,9,929500.0,3515000.0
5862,9,2650000.0,2826250.0
5874,9,920000.0,2391250.0
5875,9,22832000.0,25415833.333333332
5878,9,20291500.0,46849583.333333336
5880,9,6584500.0,7885000.0
5904,9,1412000.0,2322083.3333333335
5944,9,1669500.0,2203750.0
5950,9,8033000.0,8610833.333333334
5955,9,1959500.0,2206250.0
5962,9,1297500.0,2120000.0
5964,9,1254000.0,2700000.0
5965,9,4474500.0,5124583.333333333
5970,9,2948500.0,3511250.0
5972,9,16103000.0,18667083.333333332
5974,9,6193000.0,6322083.333333333
5979,9,6750000.0,7078333.333333333
5981,9,23898500.0,33665000.0
5986,9,5746500.0,7212083.333333333
5999,9,12709000.0,13359166.666666666
6001,9,258500.0,2044583.3333333333
6009,9,27555500.0,28266250.0
6016,9,3822000.0,4096666.6666666665
6023,9,3354000.0,3565833.3333333335
6025,9,2852000.0,3270000.0
6026,9,1992000.0,3280000.0
6029,9,1891500.0,2090000.0
6031,9,24925500.0,29945416.666666668
6043,9,8731500.0,9055000.0
6047,9,27208500.0,27722500.0
6052,9,28429000.0,29284166.666666668
6053,9,6508500.0,6540000.0
6058,9,65495500.0,67557916.66666667
6063,9,6292000.0,6379166.666666667
6064,9,18849500.0,19869583.333333332
6069,9,1361000.0,2064583.3333333333
6114,9,6507000.0,8141666.666666667
6117,9,2249500.0,2453750.0
6120,9,2774500.0,4390000.0
6121,9,12895000.0,13235416.666666666
6126,9,1105000.0,1985833.3333333333
6128,9,2357500.0,2636250.0
6135,9,2839500.0,3722500.0
6137,9,4296500.0,4650000.0
6148,9,2291500.0,2513750.0
6218,9,4984500.0,5783750.0
6246,9,5868500.0,5885416.666666667
6255,9,20773000.0,20827500.0
6257,9,2657500.0,2700000.0
6259,9,3856500.0,3910000.0
6302,9,3194500.0,3257500.0
6352,9,8084000.0,8637500.0
6353,9,4965000.0,5103333.333333333
6360,9,2666500.0,2832500.0
6369,9,20588000.0,21600000.0
9741,9,3016500.0,3113750.0
11734,9,2920000.0,2990000.0
11755,9,5756500.0,6350000.0
11761,9,5048000.0,5316666.666666667
11766,9,18630000.0,18850833.333333332
11767,9,2201500.0,2306666.6666666665
11796,9,5421000.0,6660000.0
11800,9,4019000.0,4260000.0
11812,9,3146000.0,3260000.0
11822,9,24810000.0,26428750.0
11926,9,4119500.0,4489166.666666667
11927,9,2175000.0,3361666.6666666665
11937,9,2955500.0,3000000.0
11940,9,1974000.0,2070000.0
11946,9,4159500.0,4440000.0
11947,9,27956500.0,28030000.0
11952,9,7743500.0,8260000.0
11955,9,2941500.0,3230000.0
11968,9,2764500.0,3190000.0
11977,9,3293500.0,3345833.3333333335
11989,9,4755000.0,4765000.0
12002,9,3010000.0,3156250.0
12010,9,3078000.0,3180000.0
12027,9,3791500.0,4066250.0
12030,9,3246500.0,3662916.6666666665
12036,9,3407000.0,3581666.6666666665
12074,9,2455500.0,2560000.0
12078,9,3672500.0,3989583.3333333335
12086,9,3133500.0,3204583.3333333335
12092,9,1846000.0,2148750.0
12114,9,2405000.0,2463750.0
12121,9,4913500.0,4965416.666666667
12125,9,1633500.0,2249166.6666666665
12145,9,2346000.0,2447500.0
12178,9,1910000.0,2354166.6666666665
12200,9,2129000.0,2330000.0
12209,9,4536500.0,4732500.0
12291,9,1951500.0,2037500.0
12307,9,5265000.0,5603333.333333333
12311,9,2195000.0,2296250.0
12610,9,33543000.0,33830000.0
12614,9,5279000.0,5510000.0
12615,9,4202500.0,4918750.0
12617,9,3129500.0,3180000.0
12626,9,10878500.0,10975000.0
12800,9,1663500.0,1972083.3333333333
12807,9,1817500.0,2055416.6666666667
12842,9,2263500.0,2300000.0
12849,9,3395500.0,3500000.0
12885,9,3550500.0,3951250.0
12905,9,8417000.0,8818750.0
12957,9,3765000.0,4200000.0
12963,9,7570500.0,7850000.0
12968,9,6685500.0,7470000.0
12975,9,2109500.0,2320000.0
12980,9,4391000.0,5341666.666666667
12984,9,8500500.0,8835000.0
12985,9,2691000.0,2926250.0
12987,9,2488000.0,2647500.0
13006,9,3320500.0,3666250.0
13054,9,8226000.0,8761250.0
13058,9,4540500.0,5200833.333333333
13060,9,4251500.0,4363333.333333333
13067,9,1778000.0,1950000.0
13075,9,3503500.0,3881250.0
13080,9,5472500.0,6040000.0
13089,9,26842000.0,28067916.666666668
13124,9,2852000.0,3547500.0
13646,9,2185500.0,2340000.0
13651,9,7453500.0,9927916.666666666
13652,9,2794000.0,2838750.0
13661,9,22919500.0,25132500.0
13665,9,2009000.0,2235000.0
13695,9,3137000.0,4249166.666666667
13869,9,4674000.0,5195000.0
13885,9,1964000.0,2176250.0
13891,9,2120500.0,2880000.0
13897,9,3407000.0,4246250.0
13959,9,1823500.0,2159583.3333333335
13983,9,2900500.0,2870000.0
14024,9,2324500.0,2561250.0
14060,9,3224500.0,3339166.6666666665
14076,9,2277000.0,2573750.0
14080,9,15127500.0,17435416.666666668
14101,9,4194500.0,4208750.0
14105,9,1863500.0,2008750.0
14117,9,3189000.0,3856666.6666666665
14119,9,3952000.0,4476666.666666667
14126,9,1971500.0,2187500.0
14137,9,3825000.0,4607916.666666667
14180,9,43941000.0,77472500.0
14183,9,7388000.0,9761250.0
14203,9,6980000.0,19306250.0
14218,9,6765500.0,14775000.0
14219,9,5262000.0,6906250.0
16312,9,1352000.0,3880000.0
16314,9,938500.0,2300000.0
16327,9,7687000.0,8251250.0
16332,9,1729000.0,2042500.0
16341,9,1530500.0,2005000.0
16346,9,5132000.0,5440000.0
16351,9,31541000.0,32722916.666666668
16372,9,2270000.0,3403750.0
16379,9,2178000.0,2407500.0
16406,9,1558000.0,2773750.0
16437,9,221070000.0,319087916.6666667
16444,9,5829500.0,6197500.0
16457,9,21557000.0,24347500.0
16463,9,4235000.0,5113333.333333333
16485,9,1774500.0,2777500.0
16486,9,5568500.0,6220000.0
16515,9,1000.0,2033888.888888889
16532,9,1172000.0,4377500.0
16534,9,453500.0,3716250.0
16535,9,628500.0,2873750.0
16536,9,1093000.0,2881250.0
16537,9,2084000.0,5883750.0
16540,9,1677500.0,3223750.0
16545,9,2130500.0,5295000.0
16554,9,447000.0,2800000.0
16556,9,687500.0,5128750.0
16569,9,1559500.0,2166250.0
16618,9,3040000.0,3123750.0
16657,9,2199500.0,2636250.0
5500,10,1417000.0,2542500.0
5509,10,0.0,2636250.0
5514,10,362000.0,3880000.0
5525,10,1059000.0,15613750.0
5529,10,1383500.0,2130000.0
5533,10,208000.0,3206250.0
5535,10,540000.0,3606250.0
5536,10,2730500.0,15586250.0
5550,10,514000.0,5502500.0
5557,10,2408500.0,7837500.0
5558,10,3019500.0,6231250.0
5559,10,13008500.0,35590000.0
5565,10,757000.0,4357500.0
5572,10,536000.0,5137500.0
5573,10,494000.0,2186250.0
5574,10,777000.0,6710000.0
5581,10,256500.0,3017500.0
5582,10,868000.0,3666250.0
5583,10,1597000.0,3942500.0
5584,10,2552500.0,13266250.0
5589,10,217928000.0,282716250.0
5594,10,782000.0,2865000.0
5632,10,134000.0,1971250.0
5663,10,5304000.0,6935000.0
5675,10,552500.0,2057500.0
5685,10,2812500.0,3867500.0
5696,10,3401500.0,4900000.0
5743,10,1774000.0,2005000.0
5763,10,1733500.0,2330000.0
5777,10,421500.0,2367500.0
5780,10,21632000.0,83526250.0
5785,10,3780500.0,7081250.0
5793,10,1023000.0,4016250.0
5804,10,3677500.0,10352500.0
5807,10,1201500.0,11798750.0
5813,10,11864500.0,37197500.0
5823,10,307500.0,11100000.0
5833,10,128500.0,3588750.0
5836,10,38500.0,3581250.0
5845,10,117500.0,2511250.0
5847,10,201000.0,2248750.0
5848,10,133500.0,3455000.0
5849,10,49500.0,1978750.0
5850,10,230500.0,3438750.0
5851,10,254000.0,3515000.0
5862,10,2065500.0,2826250.0
5874,10,276000.0,2392500.0
5875,10,17618000.0,25402500.0
5878,10,4001000.0,46697500.0
5880,10,1574000.0,7885000.0
5904,10,609500.0,2322500.0
5944,10,926000.0,2205000.0
5950,10,6783500.0,8608750.0
5955,10,1235500.0,2206250.0
5962,10,122500.0,2120000.0
5964,10,123500.0,2700000.0
5965,10,2061500.0,5128750.0
5970,10,593500.0,3513750.0
5972,10,10141500.0,18670000.0
5974,10,6021500.0,6322500.0
5979,10,5850500.0,7080000.0
5981,10,4898500.0,33671250.0
5986,10,4727000.0,7212500.0
5999,10,7177500.0,13363750.0
6001,10,17000.0,2050000.0
6009,10,27734000.0,28268750.0
6016,10,3379500.0,4097500.0
6023,10,2152000.0,3567500.0
6025,10,1890000.0,3270000.0
6026,10,517000.0,3280000.0
6029,10,1707000.0,2090000.0
6031,10,11640500.0,29938750.0
6043,10,7718000.0,9055000.0
6047,10,24000000.0,27722500.0
6052,10,24579500.0,29285000.0
6053,10,6109000.0,6540000.0
6058,10,60665000.0,67521250.0
6063,10,4991000.0,6387500.0
6064,10,15235000.0,19871250.0
6069,10,360000.0,2068750.0
6114,10,4674500.0,8145000.0
6117,10,1941500.0,2453750.0
6120,10,538000.0,4390000.0
6121,10,10226500.0,13235000.0
6126,10,229500.0,1986250.0
6128,10,2344500.0,2636250.0
6135,10,684000.0,3722500.0
6137,10,702500.0,4650000.0
6148,10,743000.0,2513750.0
6218,10,927500.0,5783750.0
6246,10,4371500.0,5886250.0
6255,10,19587500.0,20833750.0
6257,10,2253000.0,2700000.0
6259,10,3334000.0,3910000.0
6302,10,2748000.0,3257500.0
6352,10,6757500.0,8603750.0
6353,10,3808500.0,5105000.0
6360,10,2438000.0,2835000.0
6369,10,10914000.0,21600000.0
9741,10,2737000.0,3113750.0
11734,10,2647500.0,2990000.0
11755,10,4073500.0,6350000.0
11761,10,4408000.0,5317500.0
11766,10,17469000.0,18852500.0
11767,10,1875500.0,2307500.0
11796,10,4663500.0,6660000.0
11800,10,3315500.0,4260000.0
11812,10,3054500.0,3260000.0
11822,10,20458500.0,26428750.0
11926,10,3218000.0,4495000.0
11927,10,1684500.0,3362500.0
11937,10,2661000.0,3000000.0
11940,10,1829000.0,2070000.0
11946,10,3811500.0,4440000.0
11947,10,25586500.0,28030000.0
11952,10,6406000.0,8260000.0
11955,10,2420000.0,3230000.0
11968,10,2212500.0,3190000.0
11977,10,2546000.0,3348750.0
11989,10,4212500.0,4773750.0
12002,10,1743000.0,3156250.0
12010,10,1725000.0,3180000.0
12027,10,3058000.0,4066250.0
12030,10,2950000.0,3663750.0
12036,10,2735000.0,3583750.0
12074,10,1655000.0,2562500.0
12078,10,2734000.0,3990000.0
12086,10,2604000.0,3205000.0
12092,10,1172500.0,2150000.0
12114,10,1444500.0,2463750.0
12121,10,3805000.0,4970000.0
12125,10,1388000.0,2250000.0
12145,10,1817500.0,2447500.0
12178,10,1132500.0,2355000.0
12200,10,2010500.0,2330000.0
12209,10,3601000.0,4732500.0
12291,10,927500.0,2037500.0
12307,10,3226000.0,5603750.0
12311,10,1140000.0,2296250.0
12610,10,29649500.0,33830000.0
12614,10,4909000.0,5510000.0
12615,10,3827500.0,4920000.0
12617,10,2882000.0,3180000.0
12626,10,9867500.0,10975000.0
12800,10,1373500.0,1973750.0
12807,10,1666000.0,2057500.0
12842,10,1705500.0,2300000.0
12849,10,3121000.0,3500000.0
12885,10,2127500.0,3953750.0
12905,10,7277500.0,8818750.0
12957,10,3033500.0,4200000.0
12963,10,6563000.0,7850000.0
12968,10,4217000.0,7472500.0
12975,10,1605000.0,2320000.0
12980,10,2298000.0,5342500.0
12984,10,5588500.0,8836250.0
12985,10,1785000.0,2927500.0
12987,10,1314500.0,2648750.0
13006,10,1628000.0,3666250.0
13054,10,4290500.0,8761250.0
13058,10,1682000.0,5201250.0
13060,10,2764000.0,4363750.0
13067,10,807000.0,1950000.0
13075,10,1273500.0,3881250.0
13080,10,1802500.0,6040000.0
13089,10,19785000.0,28082500.0
13124,10,1237000.0,3547500.0
13646,10,1618000.0,2340000.0
13651,10,7725500.0,9928750.0
13652,10,2361000.0,2838750.0
13661,10,13643500.0,25133750.0
13665,10,1239500.0,2235000.0
13695,10,922500.0,4250000.0
13869,10,2329500.0,5195000.0
13885,10,1246500.0,2176250.0
13891,10,882500.0,2880000.0
13897,10,1405500.0,4246250.0
13959,10,921500.0,2160000.0
13983,10,2199500.0,2870000.0
14024,10,1136000.0,2561250.0
14060,10,1397500.0,3340000.0
14076,10,2043000.0,2573750.0
14080,10,8916500.0,17443750.0
14101,10,3331000.0,4208750.0
14105,10,1157500.0,2008750.0
14117,10,1235500.0,3857500.0
14119,10,1805500.0,4477500.0
14126,10,833500.0,2187500.0
14137,10,1561000.0,4605000.0
14180,10,9197500.0,77472500.0
14183,10,1228500.0,9761250.0
14203,10,1344500.0,19306250.0
14218,10,861000.0,14775000.0
14219,10,698500.0,6906250.0
16312,10,277000.0,3880000.0
16314,10,85000.0,2300000.0
16327,10,3839000.0,8251250.0
16332,10,1101000.0,2042500.0
16341,10,1231500.0,2005000.0
16346,10,4199000.0,5440000.0
16351,10,11123500.0,32723750.0
16372,10,468000.0,3403750.0
16379,10,1520000.0,2407500.0
16406,10,60000.0,2783750.0
16437,10,54249000.0,319103750.0
16444,10,3328000.0,6207500.0
16457,10,4574500.0,24347500.0
16463,10,1597000.0,5100000.0
16485,10,104500.0,2777500.0
16486,10,1740500.0,6220000.0
16515,10,500.0,2036666.6666666667
16532,10,15500.0,4377500.0
16534,10,29000.0,3716250.0
16535,10,16500.0,2873750.0
16536,10,112000.0,2881250.0
16537,10,131500.0,5883750.0
16540,10,100000.0,3223750.0
16545,10,149000.0,5295000.0
16554,10,7500.0,2800000.0
16556,10,73000.0,5128750.0
16569,10,689500.0,2166250.0
16618,10,2231000.0,3123750.0
16657,10,1558000.0,2636250.0
