glac,month,prev_mean_elev_m,onset_mean_elev_m
5500,5,1983.6842105263158,1965.2666666666667
5509,5,1984.7368421052631,1956.1666666666667
5514,5,1990.7368421052631,1959.9333333333334
5525,5,1806.6315789473683,1771.9666666666667
5529,5,2059.9473684210525,2037.9333333333334
5533,5,2024.3684210526317,1994.1666666666667
5535,5,2288.842105263158,2270.5
5536,5,1807.5263157894738,1783.9333333333334
5550,5,1724.4736842105262,1683.3
5557,5,1723.9473684210527,1680.6333333333334
5558,5,2230.842105263158,2433.1
5559,5,1670.578947368421,1588.8333333333333
5565,5,1896.842105263158,1855.7
5572,5,1919.2105263157894,1886.5
5573,5,2015.3684210526317,1996.8333333333333
5574,5,1932.6842105263158,1898.1333333333334
5581,5,1933.157894736842,1911.8333333333333
5582,5,1844.2105263157894,1810.0333333333333
5583,5,1900.578947368421,1872.1666666666667
5584,5,2005.9473684210527,1981.0333333333333
5589,5,1640.2631578947369,1502.3
5594,5,1885.7368421052631,1855.8333333333333
5632,5,2206.7894736842104,2187.0666666666666
5663,5,1847.578947368421,1785.2333333333333
5675,5,1809.2631578947369,1756.8333333333333
5685,5,1799.5263157894738,1686.7
5696,5,2098.7368421052633,1938.2
5743,5,2043.3684210526317,1917.7333333333333
5763,5,1987.421052631579,1883.3
5777,5,1802.1052631578948,1761.1333333333334
5780,5,1604.421052631579,1517.3
5785,5,1830.3157894736842,1792.8
5793,5,1736.842105263158,1704.0666666666666
5804,5,1816.2631578947369,1759.8333333333333
5807,5,2018.157894736842,1990.5666666666666
5813,5,1663.7368421052631,1588.8666666666666
5823,5,1986.7894736842106,1968.3666666666666
5833,5,1899.6842105263158,1883.0666666666666
5836,5,1985.3684210526317,1970.8333333333333
5845,5,1950.421052631579,1933.2333333333333
5847,5,2061.5789473684213,2050.3333333333335
5848,5,2132.157894736842,2123.3333333333335
5849,5,2166.7368421052633,2158.633333333333
5850,5,1935.157894736842,1920.8333333333333
5851,5,2149.6315789473683,2143.2
5862,5,1967.5263157894738,1909.1
5874,5,2004.9473684210527,1979.3
5875,5,1713.157894736842,1628.1333333333334
5878,5,1604.578947368421,1490.5333333333333
5880,5,1893.2631578947369,1819.4333333333334
5904,5,2122.3684210526317,2065.133333333333
5944,5,2051.0,2089.9333333333334
5950,5,1772.6315789473683,1692.0333333333333
5955,5,2106.6315789473683,2047.9333333333334
5962,5,1968.3157894736842,1924.8666666666666
5964,5,1946.578947368421,1906.2333333333333
5965,5,1885.0,1800.2
5970,5,1852.0,1784.9333333333334
5972,5,1816.842105263158,1660.4666666666667
5974,5,1844.7894736842106,1783.3666666666666
5979,5,1805.2631578947369,1753.8
5981,5,1566.7894736842106,1470.0666666666666
5986,5,1754.3157894736842,1741.4
5999,5,2050.7894736842104,2030.2
6001,5,2793.2105263157896,2842.5666666666666
6009,5,1873.421052631579,1819.3666666666666
6016,5,2024.8947368421052,1921.5
6023,5,1916.1052631578948,1873.1333333333334
6025,5,2017.1052631578948,1983.8
6026,5,2039.5263157894738,2010.0
6029,5,2153.1052631578946,2133.6
6031,5,1767.6315789473683,1582.2
6043,5,1786.0526315789473,1665.3
6047,5,1957.9473684210527,1817.6666666666667
6052,5,2009.2105263157894,1787.1333333333334
6053,5,2059.7894736842104,1972.6666666666667
6058,5,1918.5263157894738,1657.0
6063,5,1955.7894736842106,1807.8333333333333
6064,5,1767.5263157894738,1569.1
6069,5,1811.3157894736842,1746.0666666666666
6114,5,1872.157894736842,1717.4
6117,5,2211.4210526315787,2074.9666666666667
6120,5,2310.1052631578946,2298.733333333333
6121,5,2168.7894736842104,2138.7
6126,5,2005.157894736842,1975.2666666666667
6128,5,1987.421052631579,1963.4
6135,5,1875.8947368421052,1844.5
6137,5,1897.0526315789473,1862.9
6148,5,1921.0,1892.6
6218,5,1809.5263157894738,1759.0333333333333
6246,5,1753.6315789473683,1629.8333333333333
6255,5,1983.578947368421,1722.4666666666667
6257,5,1936.5263157894738,1857.2
6259,5,1998.7368421052631,1875.9666666666667
6302,5,1970.4736842105262,1917.4
6352,5,1809.421052631579,1807.7666666666667
6353,5,1872.7894736842106,1739.1666666666667
6360,5,1742.842105263158,1629.4666666666667
6369,5,1911.2631578947369,1711.6
9741,5,1526.1052631578948,1423.1
11734,5,1483.578947368421,1339.6
11755,5,1697.2105263157894,1583.4
11761,5,1596.2631578947369,1512.9666666666667
11766,5,1514.1052631578948,1359.2333333333333
11767,5,1576.8947368421052,1498.5333333333333
11796,5,1530.842105263158,1395.2333333333333
11800,5,1506.6315789473683,1398.4666666666667
11812,5,1496.157894736842,1367.7
11822,5,1582.8947368421052,1387.2333333333333
11926,5,1444.4736842105262,1339.6666666666667
11927,5,1450.6842105263158,1391.5
11937,5,1620.421052631579,1496.7333333333333
11940,5,1649.0,1532.2333333333333
11946,5,1587.0,1484.5
11947,5,1637.0526315789473,1468.1
11952,5,1510.5263157894738,1316.9666666666667
11955,5,1461.5263157894738,1368.5666666666666
11968,5,1605.157894736842,1529.5
11977,5,1520.5263157894738,1431.6
11989,5,1500.4736842105262,1409.3
12002,5,1544.157894736842,1473.1333333333334
12010,5,1571.7894736842106,1510.1
12027,5,1633.0,1566.1333333333334
12030,5,1561.3684210526317,1471.1
12036,5,1599.0526315789473,1507.5666666666666
12074,5,1687.2631578947369,1619.9333333333334
12078,5,1638.4736842105262,1558.4666666666667
12086,5,1509.2631578947369,1426.0666666666666
12092,5,1463.2631578947369,1350.5
12114,5,1593.7894736842106,1523.4
12121,5,1560.0526315789473,1468.0
12125,5,1551.0526315789473,1488.8
12145,5,1621.578947368421,1524.8333333333333
12178,5,1676.1052631578948,1618.3
12200,5,1748.3157894736842,1647.7666666666667
12209,5,1699.2105263157894,1600.9666666666667
12291,5,1622.578947368421,1568.3666666666666
12307,5,1660.8947368421052,1590.5333333333333
12311,5,1631.157894736842,1542.7
12610,5,1560.6842105263158,1367.9666666666667
12614,5,1587.157894736842,1485.2333333333333
12615,5,1528.2105263157894,1450.3
12617,5,1565.3157894736842,1446.1333333333334
12626,5,1579.421052631579,1478.2666666666667
12800,5,1565.9473684210527,1496.0333333333333
12807,5,1671.2105263157894,1636.2
12842,5,1630.2631578947369,1579.8666666666666
12849,5,1856.2105263157894,1758.5666666666666
12885,5,1676.5263157894738,1588.5666666666666
12905,5,1668.2105263157894,1544.6
12957,5,2037.4736842105262,1904.1
12963,5,1722.6842105263158,1643.0333333333333
12968,5,1716.9473684210527,1655.1
12975,5,1824.842105263158,1750.5
12980,5,1816.3157894736842,1758.2333333333333
12984,5,1798.6842105263158,1727.3
12985,5,1831.842105263158,1778.5666666666666
12987,5,1857.3684210526317,1811.8
13006,5,1758.1052631578948,1705.5666666666666
13054,5,1867.6842105263158,1796.7333333333333
13058,5,1945.421052631579,1898.6666666666667
13060,5,1914.157894736842,1849.4
13067,5,2007.3684210526317,1958.1333333333334
13075,5,2000.5263157894738,1946.6
13080,5,1971.5263157894738,1905.7333333333333
13089,5,1808.0526315789473,1675.6
13124,5,2007.5263157894738,1934.6666666666667
13646,5,1894.3684210526317,1811.7333333333333
13651,5,1802.421052631579,1652.4
13652,5,1708.842105263158,1640.8666666666666
13661,5,1940.578947368421,1832.4333333333334
13665,5,1966.3684210526317,1918.6
13695,5,1946.2631578947369,1864.9
13869,5,2045.157894736842,1939.3333333333333
13885,5,1974.0526315789473,1882.9
13891,5,2080.4210526315787,1991.4333333333334
13897,5,2134.7894736842104,2064.5
13959,5,2255.0526315789475,2159.3333333333335
13983,5,1805.5263157894738,1764.6
14024,5,1676.3684210526317,1598.6333333333334
14060,5,1733.157894736842,1672.3333333333333
14076,5,1607.8947368421052,1473.1
14080,5,1692.578947368421,1538.1333333333334
14101,5,1876.8947368421052,1834.7
14105,5,2072.2105263157896,2066.3333333333335
14117,5,1843.842105263158,1812.7
14119,5,1852.2105263157894,1801.8
14126,5,1976.8947368421052,1932.6
14137,5,1854.3157894736842,1796.7333333333333
14180,5,1578.578947368421,1510.9
14183,5,1801.578947368421,1736.8666666666666
14203,5,1754.421052631579,1670.7666666666667
14218,5,1694.421052631579,1648.5
14219,5,1969.0,1935.4333333333334
16312,5,2039.9473684210527,2008.6666666666667
16314,5,1879.2105263157894,1848.8666666666666
16327,5,2097.4736842105262,1993.1666666666667
16332,5,1966.4736842105262,1907.5333333333333
16341,5,2074.9473684210525,1986.5
16346,5,2130.5789473684213,2017.5666666666666
16351,5,2070.157894736842,1807.0
16372,5,2095.4210526315787,2028.5666666666666
16379,5,1994.7368421052631,1917.7
16406,5,2746.8947368421054,2799.9333333333334
16437,5,1523.0,1443.7666666666667
16444,5,1983.578947368421,1922.6
16457,5,1723.2631578947369,1632.1
16463,5,1797.421052631579,1725.4666666666667
16485,5,2236.157894736842,2194.866666666667
16486,5,2059.5789473684213,2032.7333333333333
16515,5,1019.3157894736842,1045.7272727272727
16532,5,1977.6315789473683,1939.5333333333333
16534,5,1937.157894736842,1890.6
16535,5,2058.842105263158,2022.3
16536,5,1911.6315789473683,1871.5666666666666
16537,5,1938.6842105263158,1898.1
16540,5,1833.3684210526317,1788.7666666666667
16545,5,1987.9473684210527,1944.7
16554,5,2022.3157894736842,1989.4666666666667
16556,5,1775.421052631579,1735.0333333333333
16569,5,1977.2105263157894,1929.1333333333334
16618,5,1637.3684210526317,1611.6
16657,5,1770.9473684210527,1692.8
5500,6,2559.7,2564.25
5509,6,2384.8,2394.4583333333335
5514,6,2564.0,2576.3333333333335
5525,6,2650.5,2640.75
5529,6,2570.65,2581.625
5533,6,2590.3,2600.3333333333335
5535,6,2695.95,2716.5833333333335
5536,6,2602.85,2636.9166666666665
5550,6,2709.3,2726.875
5557,6,2574.5,2559.125
5558,6,2825.9,2821.0416666666665
5559,6,2677.6,2675.0
5565,6,2701.0,2696.2916666666665
5572,6,2560.85,2575.625
5573,6,2561.75,2559.75
5574,6,2618.9,2635.8333333333335
5581,6,2574.15,2578.9583333333335
5582,6,2611.5,2622.8333333333335
5583,6,2609.55,2605.2916666666665
5584,6,2623.35,2642.625
5589,6,2732.85,2742.4166666666665
5594,6,2388.0,2432.4583333333335
5632,6,2582.4,2585.4583333333335
5663,6,2447.25,2438.5416666666665
5675,6,2015.95,2030.75
5685,6,2187.4,2211.4166666666665
5696,6,2738.8,2798.7083333333335
5743,6,2343.2,2360.0416666666665
5763,6,2365.0,2395.4583333333335
5777,6,2473.55,2519.8333333333335
5780,6,2673.0,2675.9583333333335
5785,6,2557.0,2549.625
5793,6,2501.45,2532.9166666666665
5804,6,2514.7,2532.2916666666665
5807,6,2519.75,2525.7083333333335
5813,6,2622.15,2626.8333333333335
5823,6,2488.75,2467.7916666666665
5833,6,2462.2,2461.0833333333335
5836,6,2524.15,2545.8333333333335
5845,6,2394.1,2401.2083333333335
5847,6,2305.35,2307.125
5848,6,2336.75,2350.5
5849,6,2515.7,2547.25
5850,6,2410.9,2515.5
5851,6,2579.35,2618.2916666666665
5862,6,2698.9,2691.6666666666665
5874,6,2393.0,2411.9583333333335
5875,6,2914.95,2898.4166666666665
5878,6,2965.55,2973.5
5880,6,2793.8,2804.375
5904,6,2772.3,2786.25
5944,6,2561.55,2586.75
5950,6,2784.45,2781.7916666666665
5955,6,2820.8,2906.4583333333335
5962,6,2338.05,2351.625
5964,6,2309.25,2326.1666666666665
5965,6,2495.85,2517.9166666666665
5970,6,2371.75,2377.4166666666665
5972,6,2756.35,2708.5833333333335
5974,6,2683.25,2657.9166666666665
5979,6,2678.2,2682.9166666666665
5981,6,2745.2,2756.25
5986,6,2909.0,2838.4583333333335
5999,6,3385.05,3143.2916666666665
6001,6,3393.85,3405.7083333333335
6009,6,2692.05,2693.125
6016,6,2977.15,2989.5
6023,6,2256.2,2266.75
6025,6,2381.85,2395.2083333333335
6026,6,2396.55,2407.0416666666665
6029,6,2516.8,2534.3333333333335
6031,6,2771.9,2785.2916666666665
6043,6,2478.5,2504.0
6047,6,3002.15,3013.3333333333335
6052,6,2836.9,2856.2916666666665
6053,6,2552.15,2570.25
6058,6,2778.65,2777.25
6063,6,2667.2,2651.0416666666665
6064,6,2707.35,2737.2916666666665
6069,6,2058.1,2093.5
6114,6,2366.45,2389.6666666666665
6117,6,3035.85,3071.5
6120,6,2671.95,2676.0833333333335
6121,6,2636.8,2645.9583333333335
6126,6,2610.3,2625.875
6128,6,2551.25,2543.4166666666665
6135,6,2533.2,2508.5833333333335
6137,6,2586.55,2504.875
6148,6,2574.7,2583.8333333333335
6218,6,2671.75,2682.125
6246,6,2039.35,2044.0416666666667
6255,6,2561.35,2514.5
6257,6,2137.8,2140.0
6259,6,2228.65,2239.6666666666665
6302,6,2190.15,2255.3333333333335
6352,6,2749.15,2826.3333333333335
6353,6,2744.55,2674.625
6360,6,2515.25,2401.3333333333335
6369,6,2956.05,2998.0
9741,6,1973.55,2084.5416666666665
11734,6,1933.5,1958.75
11755,6,1949.2,1985.7083333333333
11761,6,2069.6,2116.875
11766,6,2181.8,2229.4583333333335
11767,6,1935.05,2006.3333333333333
11796,6,1947.1,1949.7083333333333
11800,6,1922.3,1926.0416666666667
11812,6,1895.9,1913.2083333333333
11822,6,2064.65,2103.9583333333335
11926,6,2033.7,2136.5833333333335
11927,6,1729.45,1782.125
11937,6,1996.65,2001.0
11940,6,2027.5,2037.2083333333333
11946,6,1711.55,1746.25
11947,6,1975.95,2078.4166666666665
11952,6,1887.85,1929.0
11955,6,1645.95,1653.7916666666667
11968,6,1926.1,1936.5
11977,6,1848.1,1898.0
11989,6,1712.6,1773.3333333333333
12002,6,1781.9,1822.0833333333333
12010,6,1859.3,1972.5833333333333
12027,6,1998.75,2060.3333333333335
12030,6,1999.15,2047.0416666666667
12036,6,2034.6,2059.7916666666665
12074,6,1993.0,2033.3333333333333
12078,6,2084.5,2170.0833333333335
12086,6,1683.75,1751.7916666666667
12092,6,1689.25,1750.9583333333333
12114,6,1799.5,1811.3333333333333
12121,6,1949.4,2056.5
12125,6,1793.9,1861.5
12145,6,1894.45,1959.5416666666667
12178,6,2071.25,2121.4583333333335
12200,6,2222.3,2252.5
12209,6,2258.0,2296.0416666666665
12291,6,1858.3,1876.3333333333333
12307,6,2014.25,2070.6666666666665
12311,6,1811.85,1829.1666666666667
12610,6,2049.8,2143.0416666666665
12614,6,2108.4,2117.5833333333335
12615,6,1942.75,2049.5
12617,6,1774.8,1780.1666666666667
12626,6,1976.1,2023.25
12800,6,1891.4,1964.6666666666667
12807,6,2110.1,2209.7083333333335
12842,6,1886.1,1897.5416666666667
12849,6,2189.2,2194.3333333333335
12885,6,2242.8,2370.125
12905,6,2031.3,2083.0833333333335
12957,6,2496.4,2517.9583333333335
12963,6,2325.7,2366.5
12968,6,2035.9,2056.875
12975,6,2292.55,2308.375
12980,6,2264.15,2281.375
12984,6,2291.25,2327.625
12985,6,2179.75,2196.9166666666665
12987,6,2221.5,2249.25
13006,6,2110.55,2124.9166666666665
13054,6,2366.4,2430.4166666666665
13058,6,2406.85,2451.7083333333335
13060,6,2450.35,2482.5416666666665
13067,6,2398.8,2437.5833333333335
13075,6,2481.7,2522.7083333333335
13080,6,2469.0,2499.5416666666665
13089,6,2528.25,2529.4166666666665
13124,6,2444.9,2481.2916666666665
13646,6,2261.0,2270.6666666666665
13651,6,2404.65,2525.0
13652,6,1862.05,1880.5
13661,6,2540.9,2573.4166666666665
13665,6,2432.75,2450.9166666666665
13695,6,2647.3,2655.0416666666665
13869,6,2628.4,2638.5
13885,6,2507.85,2536.3333333333335
13891,6,2445.0,2465.375
13897,6,2398.2,2418.3333333333335
13959,6,2802.8,2858.7083333333335
13983,6,1986.35,1983.0
14024,6,2371.25,2405.7916666666665
14060,6,2043.8,2055.9166666666665
14076,6,2431.7,2452.4166666666665
14080,6,2500.4,2526.5833333333335
14101,6,2421.65,2435.0
14105,6,2547.0,2591.7083333333335
14117,6,2367.8,2408.0833333333335
14119,6,2478.85,2503.8333333333335
14126,6,2464.25,2467.2083333333335
14137,6,2656.25,2683.1666666666665
14180,6,2746.05,2707.3333333333335
14183,6,2679.6,2678.75
14203,6,2762.35,2767.5833333333335
14218,6,2651.0,2663.2083333333335
14219,6,2699.75,2693.7083333333335
16312,6,2577.1,2577.375
16314,6,2529.8,2529.5
16327,6,2727.95,2797.25
16332,6,2434.25,2500.4583333333335
16341,6,2636.45,2681.875
16346,6,2887.1,2914.4583333333335
16351,6,2943.7,2975.7083333333335
16372,6,2524.05,2591.7916666666665
16379,6,2580.85,2622.2916666666665
16406,6,3243.35,3215.5
16437,6,2825.9,2839.0833333333335
16444,6,2903.45,2883.2083333333335
16457,6,2739.85,2742.375
16463,6,2625.3,2641.125
16485,6,2908.3,2923.125
16486,6,2924.5,2936.0
16515,6,1003.9,1380.1666666666667
16532,6,2464.7,2431.7083333333335
16534,6,2324.05,2327.375
16535,6,2413.45,2425.2083333333335
16536,6,2379.2,2387.4583333333335
16537,6,2420.05,2432.1666666666665
16540,6,2417.75,2420.625
16545,6,2440.55,2455.1666666666665
16554,6,2433.45,2441.9583333333335
16556,6,2423.9,2401.4583333333335
16569,6,2329.4,2356.5416666666665
16618,6,1960.7,1992.0833333333333
16657,6,2148.9,2183.2083333333335
5500,7,2707.05,2786.0
5509,7,2353.0,2454.4166666666665
5514,7,2779.4,2797.6666666666665
5525,7,2829.25,2819.4166666666665
5529,7,2647.05,2720.5
5533,7,2697.3,2736.75
5535,7,2789.35,2801.0
5536,7,2907.05,2932.9583333333335
5550,7,3097.55,3141.0
5557,7,2801.45,2766.5833333333335
5558,7,2982.55,2962.875
5559,7,2849.4,2848.9166666666665
5565,7,2949.05,2961.25
5572,7,2763.35,2790.625
5573,7,2718.55,2776.0
5574,7,2777.95,2828.2083333333335
5581,7,2776.5,2801.375
5582,7,2963.4,2993.25
5583,7,2949.9,2947.7916666666665
5584,7,2964.1,3041.7916666666665
5589,7,3051.15,3086.0
5594,7,2495.25,2576.125
5632,7,2730.95,2799.5833333333335
5663,7,2525.3,2515.0833333333335
5675,7,1972.0,2030.75
5685,7,2182.1,2220.25
5696,7,2754.25,2958.125
5743,7,2329.0,2362.125
5763,7,2311.8,2402.5
5777,7,2541.9,2697.375
5780,7,3072.55,3068.4166666666665
5785,7,2730.4,2699.75
5793,7,2697.2,2766.0833333333335
5804,7,2629.9,2625.3333333333335
5807,7,2600.4,2607.125
5813,7,2712.75,2727.625
5823,7,2519.0,2488.5416666666665
5833,7,2695.15,2626.5416666666665
5836,7,2659.55,2670.875
5845,7,2428.05,2448.9166666666665
5847,7,2296.5,2317.5
5848,7,2317.5,2371.625
5849,7,2669.55,2759.625
5850,7,2357.5,2685.125
5851,7,2699.75,2761.375
5862,7,2900.2,2882.5
5874,7,2399.7,2463.125
5875,7,3508.2,3569.1666666666665
5878,7,3507.45,3617.125
5880,7,3177.45,3217.5416666666665
5904,7,3191.9,3243.375
5944,7,2560.9,2643.2083333333335
5950,7,2922.05,2953.9166666666665
5955,7,2810.15,3062.625
5962,7,2182.55,2360.0
5964,7,2325.95,2334.0
5965,7,2540.15,2550.125
5970,7,2397.55,2398.875
5972,7,3236.65,3283.1666666666665
5974,7,2951.5,2919.2916666666665
5979,7,3001.45,3006.6666666666665
5981,7,3236.1,3314.25
5986,7,3317.15,3341.2083333333335
5999,7,3809.85,3531.7916666666665
6001,7,3740.15,3833.125
6009,7,2874.65,2864.3333333333335
6016,7,3276.1,3375.125
6023,7,2276.1,2282.9166666666665
6025,7,2404.85,2416.9166666666665
6026,7,2424.95,2432.0
6029,7,2572.4,2582.7083333333335
6031,7,3296.25,3335.75
6043,7,2536.15,2593.0
6047,7,3505.35,3547.25
6052,7,3211.6,3300.9166666666665
6053,7,2544.8,2604.5
6058,7,3254.3,3300.5416666666665
6063,7,2770.8,2751.125
6064,7,2740.7,2854.125
6069,7,2023.95,2097.625
6114,7,2300.8,2455.625
6117,7,3166.95,3291.2916666666665
6120,7,2715.8,2727.0
6121,7,2718.3,2711.625
6126,7,2770.8,2824.75
6128,7,2741.6,2740.75
6135,7,2768.75,2719.5
6137,7,2821.1,2764.5833333333335
6148,7,2774.1,2823.9166666666665
6218,7,2865.2,2889.5
6246,7,2184.2,2145.1666666666665
6255,7,2677.5,2541.0
6257,7,2120.25,2140.0
6259,7,2192.4,2244.0
6302,7,2147.0,2268.25
6352,7,3209.75,3343.4166666666665
6353,7,2928.65,2845.5
6360,7,2657.95,2464.625
6369,7,3202.15,3372.9166666666665
9741,7,1942.55,2107.75
11734,7,1844.65,1967.0
11755,7,1881.2,1992.1666666666667
11761,7,2016.25,2141.5416666666665
11766,7,2109.65,2253.5
11767,7,1843.95,2022.2083333333333
11796,7,1868.7,1953.0
11800,7,1855.9,1930.5
11812,7,1874.85,1919.5
11822,7,1955.55,2125.0
11926,7,1911.65,2161.4166666666665
11927,7,1666.25,1789.2083333333333
11937,7,1977.25,2008.0
11940,7,1999.9,2046.875
11946,7,1664.6,1746.25
11947,7,1955.65,2086.5
11952,7,1877.5,1936.375
11955,7,1580.05,1654.0
11968,7,1846.65,1940.0
11977,7,1847.8,1910.625
11989,7,1761.6,1778.375
12002,7,1745.95,1823.875
12010,7,1843.9,1986.75
12027,7,1936.55,2078.625
12030,7,1967.7,2067.375
12036,7,2000.65,2066.875
12074,7,1961.05,2045.875
12078,7,2006.25,2189.2083333333335
12086,7,1666.7,1755.5
12092,7,1714.7,1753.875
12114,7,1797.6,1813.5
12121,7,2014.0,2079.75
12125,7,1720.95,1865.0416666666667
12145,7,1942.05,1967.0
12178,7,2022.35,2142.5
12200,7,2251.2,2278.375
12209,7,2291.9,2367.7916666666665
12291,7,1858.1,1880.125
12307,7,2001.95,2081.625
12311,7,1804.6,1830.0
12610,7,1833.85,2161.0
12614,7,2086.35,2125.0
12615,7,1810.8,2076.75
12617,7,1770.15,1781.25
12626,7,1957.65,2031.25
12800,7,1825.9,2016.875
12807,7,1950.4,2226.2083333333335
12842,7,1825.2,1900.0
12849,7,2159.0,2196.0
12885,7,2268.7,2466.375
12905,7,2035.85,2094.875
12957,7,2382.8,2541.0
12963,7,2460.0,2533.75
12968,7,2043.2,2066.1666666666665
12975,7,2287.3,2340.0
12980,7,2183.25,2304.75
12984,7,2317.6,2367.5833333333335
12985,7,2168.45,2218.5
12987,7,2239.2,2267.25
13006,7,2126.7,2138.5416666666665
13054,7,2426.6,2506.125
13058,7,2415.3,2484.5
13060,7,2516.45,2553.125
13067,7,2385.1,2484.625
13075,7,2526.6,2585.2083333333335
13080,7,2517.7,2548.9166666666665
13089,7,2665.85,2664.3333333333335
13124,7,2513.35,2629.125
13646,7,2229.55,2272.0
13651,7,2298.5,2594.0
13652,7,1825.6,1882.875
13661,7,2601.5,2665.1666666666665
13665,7,2445.05,2492.7916666666665
13695,7,2739.6,2783.0416666666665
13869,7,2641.9,2694.0
13885,7,2505.05,2631.75
13891,7,2413.95,2469.0
13897,7,2404.2,2421.125
13959,7,2871.95,2926.75
13983,7,2005.9,1986.625
14024,7,2544.6,2549.625
14060,7,2088.7,2061.25
14076,7,2463.35,2617.875
14080,7,2568.5,2621.8333333333335
14101,7,2500.3,2538.625
14105,7,2722.4,2753.4166666666665
14117,7,2458.8,2506.7083333333335
14119,7,2537.85,2590.5
14126,7,2547.6,2553.625
14137,7,2996.7,3101.625
14180,7,3222.25,3172.75
14183,7,3103.2,3093.5416666666665
14203,7,3276.15,3382.0416666666665
14218,7,3333.55,3446.4166666666665
14219,7,3108.55,3128.4166666666665
16312,7,2672.35,2701.5
16314,7,2625.55,2688.625
16327,7,2736.85,2900.8333333333335
16332,7,2424.5,2588.375
16341,7,2611.3,2837.25
16346,7,2973.05,3053.5416666666665
16351,7,3186.15,3359.1666666666665
16372,7,2528.45,2633.625
16379,7,2606.8,2737.0
16406,7,3343.8,3368.2916666666665
16437,7,3334.3,3391.2916666666665
16444,7,3042.2,3035.75
16457,7,3134.75,3164.4583333333335
16463,7,2764.75,2920.75
16485,7,3063.05,3214.75
16486,7,3234.2,3384.9166666666665
16515,7,915.0,1380.1666666666667
16532,7,2527.45,2471.875
16534,7,2242.25,2346.375
16535,7,2452.15,2448.75
16536,7,2419.7,2426.125
16537,7,2508.25,2503.5
16540,7,2502.85,2523.375
16545,7,2505.35,2508.625
16554,7,2500.7,2496.0416666666665
16556,7,2461.35,2497.75
16569,7,2321.8,2401.625
16618,7,1981.75,2015.375
16657,7,2059.7,2220.5
5500,8,2698.75,2786.0833333333335
5509,8,2168.65,2454.9583333333335
5514,8,2774.5,2796.25
5525,8,2801.25,2819.8333333333335
5529,8,2641.6,2720.5
5533,8,2693.1,2737.625
5535,8,2802.05,2801.6666666666665
5536,8,3021.55,2973.0416666666665
5550,8,3093.85,3185.4166666666665
5557,8,2781.3,2772.125
5558,8,3007.0,2966.0416666666665
5559,8,2862.1,2852.4583333333335
5565,8,2950.9,2975.4583333333335
5572,8,2743.05,2793.0416666666665
5573,8,2736.65,2776.0
5574,8,2753.1,2828.75
5581,8,2757.9,2803.7083333333335
5582,8,2968.85,3027.75
5583,8,2944.3,2963.0833333333335
5584,8,2985.35,3142.0833333333335
5589,8,3091.85,3127.5416666666665
5594,8,2529.35,2577.875
5632,8,2732.3,2799.0416666666665
5663,8,2514.0,2515.125
5675,8,1948.95,2030.75
5685,8,2178.2,2220.25
5696,8,2675.75,2958.125
5743,8,2319.8,2362.5416666666665
5763,8,2281.45,2402.5
5777,8,2534.55,2697.7083333333335
5780,8,3063.2,3128.75
5785,8,2739.6,2700.9166666666665
5793,8,2695.1,2772.9166666666665
5804,8,2640.9,2625.75
5807,8,2528.8,2607.125
5813,8,2703.4,2732.5416666666665
5823,8,2447.8,2488.625
5833,8,2572.85,2627.5833333333335
5836,8,2551.55,2671.25
5845,8,2351.75,2449.0
5847,8,2228.65,2317.5
5848,8,2262.3,2371.75
5849,8,2599.25,2760.25
5850,8,2361.9,2685.375
5851,8,2665.3,2761.375
5862,8,2840.65,2884.8333333333335
5874,8,2357.9,2465.375
5875,8,3498.4,3750.875
5878,8,3405.95,3722.125
5880,8,3142.4,3250.75
5904,8,3228.85,3310.75
5944,8,2552.65,2645.0416666666665
5950,8,2891.85,2950.0833333333335
5955,8,2768.2,3070.6666666666665
5962,8,2138.85,2360.0
5964,8,2293.5,2334.0
5965,8,2527.1,2551.1666666666665
5970,8,2362.15,2399.375
5972,8,3327.55,3443.2083333333335
5974,8,2956.1,2935.0416666666665
5979,8,2990.05,3022.5
5981,8,3273.6,3491.2083333333335
5986,8,3326.75,3493.2083333333335
5999,8,3588.3,3658.9583333333335
6001,8,3670.9,3977.3333333333335
6009,8,2870.5,2862.6666666666665
6016,8,3336.8,3464.4583333333335
6023,8,2277.3,2282.5416666666665
6025,8,2403.1,2417.0
6026,8,2390.9,2432.0
6029,8,2576.8,2583.0
6031,8,3328.2,3501.5833333333335
6043,8,2529.15,2593.0
6047,8,3575.0,3663.2916666666665
6052,8,3274.45,3338.0416666666665
6053,8,2553.3,2605.375
6058,8,3309.45,3361.25
6063,8,2773.9,2751.4583333333335
6064,8,2698.35,2854.125
6069,8,2053.7,2097.625
6114,8,2194.1,2462.4583333333335
6117,8,3157.55,3301.0
6120,8,2722.0,2727.0
6121,8,2720.8,2711.625
6126,8,2711.1,2828.7916666666665
6128,8,2725.85,2740.75
6135,8,2751.0,2721.3333333333335
6137,8,2820.5,2768.75
6148,8,2749.8,2830.5833333333335
6218,8,2849.2,2889.9166666666665
6246,8,2200.4,2152.125
6255,8,2640.2,2543.7083333333335
6257,8,2102.65,2140.0
6259,8,2192.15,2244.0
6302,8,2168.05,2268.25
6352,8,3233.55,3424.8333333333335
6353,8,2883.45,2848.5
6360,8,2644.2,2467.125
6369,8,3155.75,3458.7916666666665
9741,8,2005.9,2107.75
11734,8,1831.95,1967.0
11755,8,1775.7,1996.0
11761,8,1992.8,2141.75
11766,8,2105.8,2257.0833333333335
11767,8,1797.45,2024.5
11796,8,1732.85,1953.0
11800,8,1789.1,1930.5
11812,8,1832.6,1919.5
11822,8,1808.6,2125.0
11926,8,1837.5,2161.75
11927,8,1581.9,1791.0
11937,8,1943.0,2008.0
11940,8,1942.15,2046.875
11946,8,1606.35,1746.25
11947,8,1947.1,2086.5
11952,8,1746.15,1936.375
11955,8,1495.9,1654.0
11968,8,1737.3,1940.0
11977,8,1917.0,1910.625
11989,8,1801.7,1779.4166666666667
12002,8,1755.2,1823.875
12010,8,1845.4,1992.0
12027,8,1834.3,2078.875
12030,8,1931.55,2067.375
12036,8,1972.75,2066.875
12074,8,1971.45,2047.4166666666667
12078,8,1908.75,2189.25
12086,8,1661.1,1755.5
12092,8,1720.45,1753.875
12114,8,1805.3,1813.5
12121,8,2033.2,2079.75
12125,8,1639.75,1865.125
12145,8,1967.7,1967.0
12178,8,1980.65,2142.5
12200,8,2245.1,2278.375
12209,8,2283.85,2370.625
12291,8,1867.8,1881.0
12307,8,1951.85,2081.625
12311,8,1820.35,1830.0
12610,8,1703.65,2161.0
12614,8,1954.3,2125.0
12615,8,1719.6,2083.25
12617,8,1754.9,1781.25
12626,8,1955.25,2031.25
12800,8,1783.3,2034.2916666666667
12807,8,1958.65,2227.0
12842,8,1865.45,1900.0
12849,8,2129.6,2196.0
12885,8,2293.35,2476.0
12905,8,1997.05,2094.875
12957,8,2262.65,2541.0
12963,8,2484.6,2535.125
12968,8,2053.55,2066.625
12975,8,2255.15,2340.0
12980,8,2124.55,2304.75
12984,8,2333.15,2373.625
12985,8,2134.95,2218.875
12987,8,2243.0,2267.25
13006,8,2130.75,2139.125
13054,8,2441.6,2506.125
13058,8,2414.7,2484.5
13060,8,2526.25,2553.125
13067,8,2438.65,2485.5
13075,8,2526.35,2585.875
13080,8,2512.3,2549.7083333333335
13089,8,2650.1,2668.875
13124,8,2480.8,2634.375
13646,8,2121.8,2272.0
13651,8,2053.25,2594.0
13652,8,1813.7,1882.875
13661,8,2602.1,2666.125
13665,8,2434.2,2495.0
13695,8,2737.05,2786.875
13869,8,2634.1,2694.0
13885,8,2470.45,2631.75
13891,8,2366.05,2469.0
13897,8,2361.7,2421.125
13959,8,2822.2,2927.375
13983,8,2007.35,1986.75
14024,8,2543.25,2549.625
14060,8,2061.85,2061.25
14076,8,2381.7,2617.875
14080,8,2584.65,2629.0
14101,8,2526.4,2541.375
14105,8,2726.3,2755.25
14117,8,2454.2,2507.5
14119,8,2527.55,2592.375
14126,8,2535.9,2554.25
14137,8,2995.55,3209.125
14180,8,3222.3,3208.7083333333335
14183,8,3091.9,3139.1666666666665
14203,8,3191.05,3516.125
14218,8,3258.3,3693.75
14219,8,3124.95,3148.9166666666665
16312,8,2663.6,2705.2083333333335
16314,8,2595.6,2694.9166666666665
16327,8,2752.55,2910.25
16332,8,2478.7,2591.2916666666665
16341,8,2515.8,2837.25
16346,8,2950.6,3055.125
16351,8,3230.05,3437.7916666666665
16372,8,2494.4,2633.625
16379,8,2586.0,2737.0
16406,8,3372.15,3480.2916666666665
16437,8,3360.35,3546.125
16444,8,3041.1,3050.9166666666665
16457,8,3151.4,3230.5833333333335
16463,8,2714.75,2955.625
16485,8,3000.7,3237.9166666666665
16486,8,3226.75,3488.6666666666665
16515,8,916.85,1380.388888888889
16532,8,2434.15,2471.25
16534,8,2052.15,2350.5833333333335
16535,8,2414.6,2454.125
16536,8,2363.1,2430.5833333333335
16537,8,2438.55,2515.25
16540,8,2489.9,2524.0
16545,8,2475.4,2513.25
16554,8,2463.8,2496.1666666666665
16556,8,2334.15,2497.75
16569,8,2311.0,2401.625
16618,8,1970.4,2019.5
16657,8,1939.95,2220.5
5500,9,2734.2,2786.125
5509,9,1953.35,2455.125
5514,9,2611.0,2795.75
5525,9,2417.1,2820.0
5529,9,2655.9,2720.5
5533,9,2489.05,2737.625
5535,9,2750.55,2802.0
5536,9,2522.9,2975.0
5550,9,2616.4,3187.875
5557,9,2617.85,2772.9583333333335
5558,9,2914.1,2972.5
5559,9,2714.6,2853.0833333333335
5565,9,2750.05,2976.875
5572,9,2347.95,2794.0
5573,9,2725.3,2776.0
5574,9,2483.55,2829.0
5581,9,2461.0,2803.75
5582,9,2658.65,3027.75
5583,9,2664.35,2965.4166666666665
5584,9,2597.85,3148.125
5589,9,3058.65,3132.125
5594,9,2451.25,2586.375
5632,9,2531.85,2795.125
5663,9,2455.9,2515.25
5675,9,1942.9,2030.75
5685,9,2183.0,2220.25
5696,9,2639.05,2958.125
5743,9,2321.7,2364.625
5763,9,2297.85,2402.5
5777,9,2497.7,2697.875
5780,9,2498.95,3133.125
5785,9,2660.15,2703.25
5793,9,2484.9,2774.625
5804,9,2543.8,2626.125
5807,9,2306.8,2607.125
5813,9,2667.65,2731.125
5823,9,2055.6,2488.6666666666665
5833,9,2119.25,2629.375
5836,9,2087.25,2671.25
5845,9,2101.6,2449.125
5847,9,2073.9,2317.5
5848,9,2144.1,2371.75
5849,9,2230.55,2760.25
5850,9,2220.7,2685.5
5851,9,2264.1,2761.375
5862,9,2750.95,2886.0
5874,9,2136.45,2467.75
5875,9,2932.2,3744.3333333333335
5878,9,2143.0,3719.0833333333335
5880,9,2747.6,3244.75
5904,9,2769.45,3310.9166666666665
5944,9,2470.1,2645.7083333333335
5950,9,2801.4,2950.4166666666665
5955,9,2741.2,3086.375
5962,9,2096.6,2360.0
5964,9,2105.6,2334.0
5965,9,2452.65,2552.375
5970,9,2282.15,2400.125
5972,9,3017.6,3447.2083333333335
5974,9,2853.2,2940.3333333333335
5979,9,2813.85,3025.5
5981,9,2588.4,3499.1666666666665
5986,9,2946.65,3507.1666666666665
5999,9,2687.45,3679.0833333333335
6001,9,3157.45,3982.8333333333335
6009,9,2806.15,2860.4583333333335
6016,9,3124.55,3462.125
6023,9,2246.8,2283.125
6025,9,2358.6,2417.0
6026,9,2298.95,2432.0
6029,9,2505.95,2583.0
6031,9,2929.15,3506.375
6043,9,2484.0,2593.0
6047,9,3359.65,3665.75
6052,9,3223.55,3334.0416666666665
6053,9,2583.55,2606.125
6058,9,3200.3,3358.4583333333335
6063,9,2715.4,2752.9583333333335
6064,9,2642.55,2855.8333333333335
6069,9,1943.2,2099.4166666666665
6114,9,2175.7,2465.9166666666665
6117,9,2968.65,3301.0
6120,9,2573.15,2727.0
6121,9,2690.2,2712.625
6126,9,2435.85,2829.875
6128,9,2640.85,2740.75
6135,9,2536.5,2722.75
6137,9,2701.55,2772.5
6148,9,2684.15,2830.875
6218,9,2708.4,2890.375
6246,9,2197.4,2160.4583333333335
6255,9,2615.25,2550.9166666666665
6257,9,2112.85,2140.0
6259,9,2195.1,2244.0
6302,9,2168.6,2268.25
6352,9,2769.05,3282.375
6353,9,2655.55,2850.3333333333335
6360,9,2447.6,2476.7083333333335
6369,9,2828.6,3460.25
9741,9,1966.6,2107.75
11734,9,1807.45,1967.0
11755,9,1803.95,1996.0
11761,9,1996.8,2143.3333333333335
11766,9,2131.5,2258.75
11767,9,1873.05,2032.3333333333333
11796,9,1737.9,1953.0
11800,9,1769.35,1930.5
11812,9,1847.0,1919.5
11822,9,1754.0,2125.0
11926,9,1883.55,2188.0416666666665
11927,9,1590.25,1792.8333333333333
11937,9,1942.1,2008.0
11940,9,1979.7,2046.875
11946,9,1627.3,1746.25
11947,9,1985.4,2086.5
11952,9,1724.8,1936.375
11955,9,1512.05,1654.0
11968,9,1761.25,1940.0
11977,9,1881.2,1912.4166666666667
11989,9,1809.85,1790.7083333333333
12002,9,1736.8,1823.875
12010,9,1887.15,1992.0
12027,9,1835.95,2089.25
12030,9,1919.55,2071.0
12036,9,1977.25,2067.5833333333335
12074,9,1976.5,2048.0
12078,9,1902.25,2191.4583333333335
12086,9,1674.05,1756.1666666666667
12092,9,1664.1,1755.75
12114,9,1794.65,1813.5
12121,9,2046.6,2094.6666666666665
12125,9,1663.85,1865.2916666666667
12145,9,1855.5,1967.0
12178,9,1968.45,2142.875
12200,9,2209.1,2278.375
12209,9,2251.25,2370.625
12291,9,1858.55,1881.0
12307,9,1979.05,2083.7916666666665
12311,9,1807.0,1830.0
12610,9,1716.05,2161.0
12614,9,1957.6,2125.0
12615,9,1752.2,2083.25
12617,9,1762.9,1781.25
12626,9,1972.15,2031.25
12800,9,1752.5,2034.625
12807,9,1923.3,2227.3333333333335
12842,9,1884.6,1900.0
12849,9,2139.2,2196.0
12885,9,2149.25,2487.75
12905,9,1982.8,2094.875
12957,9,2240.15,2541.0
12963,9,2390.15,2537.875
12968,9,2013.75,2066.625
12975,9,2233.35,2340.0
12980,9,2156.25,2305.3333333333335
12984,9,2312.95,2379.5
12985,9,2177.0,2222.25
12987,9,2205.75,2267.25
13006,9,2090.75,2139.125
13054,9,2388.15,2507.125
13058,9,2341.25,2486.5
13060,9,2487.05,2553.875
13067,9,2431.15,2485.5
13075,9,2466.6,2585.875
13080,9,2473.8,2550.625
13089,9,2562.8,2673.625
13124,9,2340.7,2634.375
13646,9,2126.45,2272.0
13651,9,1971.35,2603.3333333333335
13652,9,1806.7,1882.875
13661,9,2541.55,2666.8333333333335
13665,9,2434.9,2495.0
13695,9,2536.8,2787.25
13869,9,2546.1,2694.0
13885,9,2438.15,2631.75
13891,9,2311.35,2469.0
13897,9,2340.95,2421.125
13959,9,2631.3,2928.375
13983,9,2011.85,1986.75
14024,9,2420.3,2549.625
14060,9,2096.05,2061.2916666666665
14076,9,2329.95,2617.875
14080,9,2520.85,2634.0416666666665
14101,9,2491.3,2542.125
14105,9,2613.5,2757.25
14117,9,2355.05,2508.5
14119,9,2465.1,2593.75
14126,9,2465.6,2554.25
14137,9,2753.5,3203.7916666666665
14180,9,2428.85,3208.25
14183,9,2675.5,3138.25
14203,9,2114.55,3518.75
14218,9,2137.4,3695.375
14219,9,2829.15,3149.625
16312,9,2366.6,2706.25
16314,9,2266.9,2695.75
16327,9,2763.6,2916.25
16332,9,2401.5,2591.875
16341,9,2409.9,2837.25
16346,9,2885.0,3055.125
16351,9,3180.7,3438.6666666666665
16372,9,2348.15,2633.625
16379,9,2499.1,2737.0
16406,9,3298.75,3518.25
16437,9,2665.3,3573.625
16444,9,2883.7,3053.3333333333335
16457,9,3028.4,3232.125
16463,9,2642.9,2951.0
16485,9,2819.6,3243.25
16486,9,3125.3,3499.125
16515,9,916.85,1380.8333333333333
16532,9,2060.65,2471.5
16534,9,1901.65,2354.25
16535,9,2067.1,2454.125
16536,9,2034.0,2434.0
16537,9,2077.95,2517.25
16540,9,2114.7,2524.0
16545,9,2167.3,2514.375
16554,9,2051.55,2496.25
16556,9,1779.5,2497.75
16569,9,2215.35,2401.625
16618,9,1919.0,2026.0
16657,9,1924.0,2220.5
5500,10,2413.05,2786.125
5509,10,1902.0,2455.125
5514,10,2013.9,2795.75
5525,10,1930.05,2820.0
5529,10,2448.35,2720.5
5533,10,2024.25,2737.625
5535,10,2324.05,2802.0
5536,10,1990.15,2975.0
5550,10,1835.7,3187.875
5557,10,2089.45,2773.25
5558,10,2603.15,2972.75
5559,10,2134.25,2853.25
5565,10,2130.9,2976.875
5572,10,1995.1,2794.0
5573,10,2175.6,2776.0
5574,10,2056.95,2829.0
5581,10,2021.0,2803.75
5582,10,2072.65,3027.75
5583,10,2280.9,2965.5
5584,10,2198.05,3148.875
5589,10,2637.6,3131.375
5594,10,2063.65,2586.375
5632,10,2242.25,2795.125
5663,10,2043.45,2515.5
5675,10,1784.9,2030.75
5685,10,2010.3,2220.25
5696,10,2451.05,2958.125
5743,10,2238.3,2365.25
5763,10,2130.8,2402.5
5777,10,1974.15,2697.875
5780,10,2046.65,3133.125
5785,10,2342.4,2703.25
5793,10,1951.25,2774.875
5804,10,2217.1,2626.25
5807,10,2096.1,2607.125
5813,10,2135.2,2725.875
5823,10,1962.4,2488.75
5833,10,1944.8,2629.375
5836,10,1964.25,2671.25
5845,10,1966.8,2449.125
5847,10,2055.7,2317.5
5848,10,2125.95,2371.75
5849,10,2158.0,2760.25
5850,10,1950.6,2685.5
5851,10,2163.05,2761.375
5862,10,2592.75,2886.0
5874,10,2003.9,2468.125
5875,10,2554.15,3728.0
5878,10,1465.45,3709.25
5880,10,1941.0,3244.75
5904,10,2232.75,3311.0
5944,10,2247.7,2646.0
5950,10,2631.45,2950.625
5955,10,2472.85,3086.375
5962,10,1871.35,2360.0
5964,10,1884.55,2334.0
5965,10,1975.55,2553.625
5970,10,1789.35,2401.125
5972,10,2333.85,3447.875
5974,10,2766.3,2941.0
5979,10,2662.1,3026.75
5981,10,1502.3,3499.5
5986,10,2568.7,3507.25
5999,10,1951.65,3680.5
6001,10,2788.5,3984.375
6009,10,2844.5,2858.0
6016,10,2851.8,3461.125
6023,10,2084.65,2283.875
6025,10,2220.1,2417.0
6026,10,2081.15,2432.0
6029,10,2473.0,2583.0
6031,10,2103.5,3508.75
6043,10,2377.45,2593.0
6047,10,2923.55,3665.75
6052,10,2916.65,3334.125
6053,10,2516.65,2606.125
6058,10,2997.45,3352.875
6063,10,2371.2,2755.625
6064,10,2426.75,2857.0
6069,10,1720.8,2103.0
6114,10,1927.85,2470.0
6117,10,2613.1,3301.0
6120,10,2361.45,2727.0
6121,10,2598.6,2713.875
6126,10,2061.05,2830.125
6128,10,2641.3,2740.75
6135,10,2007.8,2722.75
6137,10,1982.8,2772.5
6148,10,2116.8,2830.875
6218,10,1939.3,2890.375
6246,10,1825.0,2161.375
6255,10,2497.25,2552.0
6257,10,2034.55,2140.0
6259,10,2145.7,2244.0
6302,10,2109.4,2268.25
6352,10,2386.0,3243.0
6353,10,2227.65,2854.0
6360,10,2275.95,2490.5
6369,10,1799.9,3460.25
9741,10,1773.6,2107.75
11734,10,1763.0,1967.0
11755,10,1702.95,1996.0
11761,10,1890.0,2146.5
11766,10,2042.8,2260.0
11767,10,1790.3,2033.75
11796,10,1680.55,1953.0
11800,10,1620.55,1930.5
11812,10,1785.55,1919.5
11822,10,1671.95,2125.0
11926,10,1737.55,2194.0
11927,10,1530.15,1793.375
11937,10,1793.7,2008.0
11940,10,1884.15,2046.875
11946,10,1602.35,1746.25
11947,10,1824.65,2086.5
11952,10,1610.55,1936.375
11955,10,1475.15,1654.0
11968,10,1712.75,1940.0
11977,10,1728.0,1914.625
11989,10,1707.15,1804.75
12002,10,1565.05,1823.875
12010,10,1665.15,1992.0
12027,10,1778.65,2089.25
12030,10,1821.55,2071.875
12036,10,1898.75,2071.125
12074,10,1821.95,2048.75
12078,10,1816.55,2191.5
12086,10,1601.75,1756.5
12092,10,1450.25,1757.625
12114,10,1619.95,1813.5
12121,10,1857.55,2101.25
12125,10,1632.0,1865.375
12145,10,1730.5,1967.0
12178,10,1789.1,2143.625
12200,10,2182.2,2278.375
12209,10,2102.65,2370.625
12291,10,1652.3,1881.0
12307,10,1755.8,2084.875
12311,10,1565.0,1830.0
12610,10,1665.75,2161.0
12614,10,1866.95,2125.0
12615,10,1728.0,2087.5
12617,10,1674.65,1781.25
12626,10,1822.75,2031.25
12800,10,1715.05,2034.625
12807,10,1910.35,2229.0
12842,10,1775.9,1900.0
12849,10,2092.7,2196.0
12885,10,1847.35,2498.875
12905,10,1893.25,2094.875
12957,10,2106.55,2541.0
12963,10,2167.75,2537.875
12968,10,1858.2,2068.5
12975,10,2097.95,2340.0
12980,10,1913.55,2305.625
12984,10,2075.1,2381.0
12985,10,2005.3,2223.375
12987,10,1986.1,2267.5
13006,10,1860.35,2139.125
13054,10,2051.85,2507.125
13058,10,1999.05,2487.5
13060,10,2248.2,2554.25
13067,10,2143.35,2486.375
13075,10,2098.2,2585.875
13080,10,2035.25,2550.625
13089,10,2190.05,2678.0
13124,10,1989.75,2634.375
13646,10,1991.1,2272.0
13651,10,2036.45,2608.0
13652,10,1770.1,1882.875
13661,10,2177.55,2667.75
13665,10,2231.55,2495.0
13695,10,2033.6,2788.0
13869,10,2175.6,2694.0
13885,10,2185.75,2631.75
13891,10,2048.7,2469.0
13897,10,2102.75,2421.125
13959,10,2193.1,2928.875
13983,10,1906.45,1986.75
14024,10,1943.85,2549.625
14060,10,1796.7,2061.375
14076,10,2140.05,2617.875
14080,10,2258.85,2635.625
14101,10,2288.75,2542.125
14105,10,2347.2,2757.25
14117,10,1967.35,2509.0
14119,10,2070.65,2594.0
14126,10,2128.5,2554.25
14137,10,2213.2,3195.375
14180,10,1706.1,3208.375
14183,10,1852.85,3138.25
14203,10,1670.7,3518.75
14218,10,1589.75,3695.375
14219,10,2003.95,3149.625
16312,10,2159.95,2706.25
16314,10,1877.5,2695.75
16327,10,2316.5,2916.25
16332,10,2165.25,2591.875
16341,10,2307.3,2837.25
16346,10,2631.55,3055.125
16351,10,1986.85,3439.0
16372,10,2029.15,2633.625
16379,10,2270.9,2737.0
16406,10,2767.55,3520.125
16437,10,1689.05,3573.875
16444,10,2342.45,3057.75
16457,10,1803.8,3232.125
16463,10,1976.1,2939.0
16485,10,2179.1,3243.25
16486,10,2373.9,3499.125
16515,10,915.3,1381.0
16532,10,1891.9,2471.5
16534,10,1813.55,2354.25
16535,10,1949.8,2454.125
16536,10,1823.0,2434.0
16537,10,1845.95,2517.25
16540,10,1720.7,2524.0
16545,10,1914.4,2514.375
16554,10,1934.85,2496.25
16556,10,1681.2,2497.75
16569,10,2012.65,2401.625
16618,10,1746.85,2026.0
16657,10,1836.5,2220.5
